transaction_id,sender,receiver,amount,timestamp,type,cycle_id,smurfing_case_id,anomaly_id
TXN_000169,ACC_000043,ACC_000001,611.67,2026-01-01T15:50:11.616799,normal,,,
TXN_000643,ACC_000028,ACC_000094,6579.55,2026-01-01T15:52:01.616799,normal,,,
TXN_000241,ACC_000005,ACC_000008,8040.14,2026-01-01T15:54:29.616799,normal,,,
TXN_000946,ACC_000027,ACC_000062,9867.89,2026-01-01T17:16:40.616799,normal,,,
TXN_000908,ACC_000054,ACC_000053,7002.94,2026-01-01T18:09:54.616799,normal,,,
TXN_000625,ACC_000097,ACC_000009,9434.74,2026-01-01T18:37:51.616799,normal,,,
TXN_000296,ACC_000091,ACC_000030,6378.54,2026-01-01T21:58:41.616799,normal,,,
TXN_000824,ACC_000003,ACC_000051,6628.69,2026-01-01T22:01:07.616799,normal,,,
TXN_000641,ACC_000011,ACC_000045,4833.44,2026-01-01T22:22:38.616799,normal,,,
TXN_000468,ACC_000049,ACC_000058,1734.52,2026-01-01T22:44:59.616799,normal,,,
TXN_000992,ACC_000070,ACC_000033,2299.8,2026-01-02T00:01:36.616799,normal,,,
TXN_000977,ACC_000065,ACC_000002,2141.64,2026-01-02T00:09:48.616799,normal,,,
TXN_000727,ACC_000090,ACC_000086,3450.89,2026-01-02T00:21:39.616799,normal,,,
TXN_000023,ACC_000090,ACC_000026,3946.94,2026-01-02T01:25:29.616799,normal,,,
TXN_000516,ACC_000081,ACC_000074,8163.88,2026-01-02T01:59:35.616799,normal,,,
TXN_000801,ACC_000079,ACC_000068,4811.88,2026-01-02T02:17:11.616799,normal,,,
TXN_000421,ACC_000037,ACC_000045,9811.08,2026-01-02T02:39:50.616799,normal,,,
TXN_000160,ACC_000077,ACC_000035,6293.6,2026-01-02T03:06:56.616799,normal,,,
TXN_000715,ACC_000094,ACC_000053,8584.48,2026-01-02T03:53:42.616799,normal,,,
TXN_000683,ACC_000064,ACC_000008,328.74,2026-01-02T04:29:33.616799,normal,,,
TXN_000024,ACC_000068,ACC_000067,6782.81,2026-01-02T05:15:33.616799,normal,,,
TXN_000304,ACC_000052,ACC_000014,2288.61,2026-01-02T08:26:14.616799,normal,,,
TXN_000609,ACC_000072,ACC_000037,4600.01,2026-01-02T08:27:04.616799,normal,,,
TXN_000865,ACC_000062,ACC_000099,7362.39,2026-01-02T08:48:07.616799,normal,,,
TXN_000010,ACC_000066,ACC_000083,3959.1,2026-01-02T09:48:42.616799,normal,,,
TXN_000374,ACC_000098,ACC_000017,3368.76,2026-01-02T10:57:28.616799,normal,,,
TXN_000320,ACC_000082,ACC_000017,8470.16,2026-01-02T12:02:15.616799,normal,,,
TXN_000043,ACC_000082,ACC_000007,1232.57,2026-01-02T12:17:33.616799,normal,,,
TXN_000864,ACC_000082,ACC_000075,4255.29,2026-01-02T12:31:53.616799,normal,,,
TXN_000576,ACC_000029,ACC_000063,6553.64,2026-01-02T13:07:01.616799,normal,,,
TXN_000332,ACC_000033,ACC_000087,1083.87,2026-01-02T14:13:27.616799,normal,,,
TXN_000175,ACC_000025,ACC_000086,3851.45,2026-01-02T15:21:05.616799,normal,,,
TXN_000936,ACC_000091,ACC_000017,3595.82,2026-01-02T16:22:05.616799,normal,,,
TXN_000871,ACC_000066,ACC_000010,6640.69,2026-01-02T17:11:11.616799,normal,,,
TXN_000528,ACC_000044,ACC_000045,6089.91,2026-01-02T17:19:18.616799,normal,,,
TXN_000537,ACC_000031,ACC_000063,2876.42,2026-01-02T18:59:39.616799,normal,,,
TXN_000507,ACC_000048,ACC_000039,1017.23,2026-01-02T19:16:05.616799,normal,,,
TXN_000756,ACC_000010,ACC_000092,9614.17,2026-01-02T21:46:26.616799,normal,,,
TXN_000536,ACC_000009,ACC_000022,7460.64,2026-01-02T22:29:39.616799,normal,,,
TXN_000547,ACC_000024,ACC_000044,1800.78,2026-01-02T23:12:46.616799,normal,,,
TXN_000867,ACC_000050,ACC_000008,1104.74,2026-01-02T23:41:29.616799,normal,,,
TXN_000877,ACC_000070,ACC_000044,4142.12,2026-01-03T01:48:01.616799,normal,,,
TXN_000429,ACC_000020,ACC_000094,3720.09,2026-01-03T03:41:29.616799,normal,,,
TXN_000942,ACC_000046,ACC_000012,9909.03,2026-01-03T05:31:42.616799,normal,,,
TXN_000386,ACC_000087,ACC_000008,1625.82,2026-01-03T05:45:55.616799,normal,,,
TXN_000505,ACC_000059,ACC_000019,3000.32,2026-01-03T06:53:26.616799,normal,,,
TXN_000891,ACC_000076,ACC_000070,7523.97,2026-01-03T07:39:08.616799,normal,,,
TXN_000863,ACC_000084,ACC_000093,7736.1,2026-01-03T10:11:53.616799,normal,,,
TXN_000060,ACC_000008,ACC_000002,1472.66,2026-01-03T10:17:43.616799,normal,,,
TXN_000337,ACC_000018,ACC_000045,2464.74,2026-01-03T10:19:26.616799,normal,,,
TXN_000510,ACC_000014,ACC_000053,1349.91,2026-01-03T12:40:06.616799,normal,,,
TXN_000645,ACC_000089,ACC_000024,9975.46,2026-01-03T12:43:39.616799,normal,,,
TXN_000268,ACC_000066,ACC_000014,2318.28,2026-01-03T13:39:19.616799,normal,,,
TXN_000771,ACC_000060,ACC_000028,8981.06,2026-01-03T13:48:08.616799,normal,,,
TXN_000275,ACC_000086,ACC_000023,3867.66,2026-01-03T13:49:15.616799,normal,,,
TXN_000961,ACC_000049,ACC_000060,3216.69,2026-01-03T14:08:15.616799,normal,,,
TXN_000996,ACC_000027,ACC_000029,9379.19,2026-01-03T15:29:42.616799,normal,,,
TXN_000159,ACC_000029,ACC_000055,1957.16,2026-01-03T15:35:34.616799,normal,,,
TXN_000452,ACC_000075,ACC_000038,2134.83,2026-01-03T16:15:46.616799,normal,,,
TXN_000281,ACC_000011,ACC_000028,7945.75,2026-01-03T16:22:25.616799,normal,,,
TXN_000495,ACC_000024,ACC_000057,8183.32,2026-01-03T17:53:50.616799,normal,,,
TXN_000532,ACC_000004,ACC_000015,7387.5,2026-01-03T18:40:11.616799,normal,,,
TXN_000780,ACC_000025,ACC_000038,7492.22,2026-01-03T19:21:11.616799,normal,,,
TXN_000705,ACC_000013,ACC_000076,5602.19,2026-01-03T19:35:27.616799,normal,,,
TXN_000910,ACC_000000,ACC_000023,4448.99,2026-01-03T20:08:44.616799,normal,,,
TXN_000354,ACC_000020,ACC_000060,9352.91,2026-01-03T20:55:44.616799,normal,,,
TXN_000262,ACC_000032,ACC_000066,8477.13,2026-01-03T21:21:04.616799,normal,,,
TXN_000651,ACC_000059,ACC_000040,2493.3,2026-01-03T22:05:20.616799,normal,,,
TXN_000550,ACC_000073,ACC_000078,2041.61,2026-01-04T00:22:05.616799,normal,,,
TXN_000309,ACC_000094,ACC_000085,7569.31,2026-01-04T00:32:02.616799,normal,,,
TXN_000344,ACC_000027,ACC_000014,6561.31,2026-01-04T00:40:02.616799,normal,,,
TXN_000479,ACC_000031,ACC_000084,6402.86,2026-01-04T01:52:55.616799,normal,,,
TXN_000188,ACC_000016,ACC_000096,3454.18,2026-01-04T05:19:53.616799,normal,,,
TXN_000144,ACC_000063,ACC_000088,3915.0,2026-01-04T06:01:39.616799,normal,,,
TXN_000597,ACC_000040,ACC_000057,7238.26,2026-01-04T06:04:39.616799,normal,,,
TXN_000209,ACC_000047,ACC_000057,1618.11,2026-01-04T06:27:20.616799,normal,,,
TXN_000376,ACC_000086,ACC_000083,2117.65,2026-01-04T08:14:06.616799,normal,,,
TXN_000476,ACC_000075,ACC_000047,1041.69,2026-01-04T08:30:02.616799,normal,,,
TXN_000918,ACC_000000,ACC_000093,8775.58,2026-01-04T09:37:59.616799,normal,,,
TXN_000387,ACC_000054,ACC_000041,5967.37,2026-01-04T10:21:17.616799,normal,,,
TXN_000246,ACC_000084,ACC_000090,8533.93,2026-01-04T11:43:37.616799,normal,,,
TXN_000958,ACC_000040,ACC_000001,273.32,2026-01-04T13:12:51.616799,normal,,,
TXN_000542,ACC_000044,ACC_000053,5959.59,2026-01-04T13:29:45.616799,normal,,,
TXN_000926,ACC_000055,ACC_000017,588.49,2026-01-04T13:36:45.616799,normal,,,
TXN_000362,ACC_000014,ACC_000019,6769.08,2026-01-04T14:49:28.616799,normal,,,
TXN_000494,ACC_000090,ACC_000042,1573.12,2026-01-04T15:00:45.616799,normal,,,
TXN_000130,ACC_000045,ACC_000037,3726.85,2026-01-04T15:03:29.616799,normal,,,
TXN_000924,ACC_000036,ACC_000022,5842.38,2026-01-04T17:13:34.616799,normal,,,
TXN_000621,ACC_000035,ACC_000013,1852.75,2026-01-04T18:22:01.616799,normal,,,
TXN_000983,ACC_000066,ACC_000064,9189.6,2026-01-04T18:43:49.616799,normal,,,
TXN_000045,ACC_000063,ACC_000017,7034.75,2026-01-04T19:43:45.616799,normal,,,
TXN_000326,ACC_000083,ACC_000063,6604.67,2026-01-04T23:01:52.616799,normal,,,
TXN_000963,ACC_000048,ACC_000015,9456.74,2026-01-04T23:19:52.616799,normal,,,
TXN_000493,ACC_000064,ACC_000027,351.53,2026-01-04T23:23:25.616799,normal,,,
TXN_000293,ACC_000043,ACC_000039,2249.71,2026-01-05T00:06:01.616799,normal,,,
TXN_000976,ACC_000073,ACC_000045,8739.18,2026-01-05T00:44:42.616799,normal,,,
TXN_000391,ACC_000050,ACC_000031,354.72,2026-01-05T01:09:03.616799,normal,,,
TXN_000482,ACC_000082,ACC_000096,6892.52,2026-01-05T03:54:48.616799,normal,,,
TXN_000488,ACC_000075,ACC_000087,2188.34,2026-01-05T05:30:27.616799,normal,,,
TXN_000467,ACC_000033,ACC_000029,8980.16,2026-01-05T06:02:53.616799,normal,,,
TXN_000638,ACC_000018,ACC_000081,1963.42,2026-01-05T06:09:50.616799,normal,,,
TXN_000457,ACC_000029,ACC_000006,9526.13,2026-01-05T07:12:25.616799,normal,,,
TXN_000843,ACC_000021,ACC_000057,3134.55,2026-01-05T08:33:18.616799,normal,,,
TXN_000381,ACC_000071,ACC_000090,3582.1,2026-01-05T10:58:06.616799,normal,,,
TXN_000630,ACC_000022,ACC_000008,1802.29,2026-01-05T11:06:51.616799,normal,,,
TXN_000329,ACC_000051,ACC_000052,3151.55,2026-01-05T11:07:40.616799,normal,,,
TXN_000049,ACC_000011,ACC_000030,8750.65,2026-01-05T11:44:21.616799,normal,,,
TXN_000950,ACC_000058,ACC_000027,7512.41,2026-01-05T11:44:51.616799,normal,,,
TXN_000934,ACC_000047,ACC_000008,1884.71,2026-01-05T11:58:53.616799,normal,,,
TXN_000782,ACC_000041,ACC_000043,4676.91,2026-01-05T12:01:09.616799,normal,,,
TXN_000930,ACC_000030,ACC_000019,7802.76,2026-01-05T12:02:54.616799,normal,,,
TXN_000364,ACC_000036,ACC_000049,3974.82,2026-01-05T12:35:29.616799,normal,,,
TXN_000670,ACC_000075,ACC_000078,2765.01,2026-01-05T12:53:44.616799,normal,,,
TXN_000466,ACC_000012,ACC_000053,4213.12,2026-01-05T13:32:49.616799,normal,,,
TXN_000698,ACC_000074,ACC_000063,9612.89,2026-01-05T16:25:11.616799,normal,,,
TXN_000567,ACC_000024,ACC_000093,5736.63,2026-01-05T16:47:55.616799,normal,,,
TXN_000212,ACC_000046,ACC_000082,8017.16,2026-01-05T17:07:02.616799,normal,,,
TXN_000099,ACC_000091,ACC_000042,1102.12,2026-01-05T18:54:11.616799,normal,,,
TXN_000037,ACC_000015,ACC_000034,8038.37,2026-01-05T20:43:48.616799,normal,,,
TXN_000012,ACC_000012,ACC_000044,895.11,2026-01-05T21:21:09.616799,normal,,,
TXN_000178,ACC_000017,ACC_000041,6871.3,2026-01-05T22:04:07.616799,normal,,,
TXN_000835,ACC_000086,ACC_000037,1437.2,2026-01-05T22:47:44.616799,normal,,,
TXN_000672,ACC_000092,ACC_000060,1411.39,2026-01-05T23:02:57.616799,normal,,,
TXN_000355,ACC_000019,ACC_000095,1862.4,2026-01-05T23:07:02.616799,normal,,,
TXN_000906,ACC_000018,ACC_000004,1421.42,2026-01-05T23:13:05.616799,normal,,,
TXN_000051,ACC_000051,ACC_000060,8820.16,2026-01-05T23:16:50.616799,normal,,,
TXN_000319,ACC_000021,ACC_000018,2721.2,2026-01-06T00:00:53.616799,normal,,,
TXN_000593,ACC_000086,ACC_000021,7285.14,2026-01-06T01:35:38.616799,normal,,,
TXN_000059,ACC_000089,ACC_000073,9994.74,2026-01-06T01:51:54.616799,normal,,,
TXN_000666,ACC_000085,ACC_000093,9379.89,2026-01-06T03:00:24.616799,normal,,,
TXN_000511,ACC_000017,ACC_000092,2292.18,2026-01-06T03:07:01.616799,normal,,,
TXN_000802,ACC_000089,ACC_000073,6060.47,2026-01-06T04:10:22.616799,normal,,,
TXN_000034,ACC_000004,ACC_000022,7168.29,2026-01-06T04:35:55.616799,normal,,,
TXN_000745,ACC_000026,ACC_000013,8403.54,2026-01-06T04:51:57.616799,normal,,,
TXN_000781,ACC_000002,ACC_000040,2966.58,2026-01-06T05:12:15.616799,normal,,,
TXN_000633,ACC_000027,ACC_000075,1569.71,2026-01-06T05:55:42.616799,normal,,,
TXN_000695,ACC_000003,ACC_000066,9799.24,2026-01-06T06:12:08.616799,normal,,,
TXN_000064,ACC_000023,ACC_000041,6015.61,2026-01-06T06:59:34.616799,normal,,,
TXN_000820,ACC_000057,ACC_000043,1193.32,2026-01-06T07:20:54.616799,normal,,,
TXN_000397,ACC_000083,ACC_000014,4985.96,2026-01-06T10:58:26.616799,normal,,,
TXN_000757,ACC_000089,ACC_000070,5603.14,2026-01-06T11:34:12.616799,normal,,,
TXN_000414,ACC_000013,ACC_000014,7466.11,2026-01-06T13:40:11.616799,normal,,,
TXN_000062,ACC_000045,ACC_000052,2905.58,2026-01-06T14:01:35.616799,normal,,,
TXN_000778,ACC_000011,ACC_000052,3131.92,2026-01-06T14:37:35.616799,normal,,,
TXN_000526,ACC_000018,ACC_000089,8731.65,2026-01-06T14:53:29.616799,normal,,,
TXN_000736,ACC_000091,ACC_000019,9472.26,2026-01-06T15:01:05.616799,normal,,,
TXN_000915,ACC_000020,ACC_000032,9857.64,2026-01-06T15:58:11.616799,normal,,,
TXN_000558,ACC_000076,ACC_000073,2606.95,2026-01-06T16:04:44.616799,normal,,,
TXN_000398,ACC_000098,ACC_000037,3741.9,2026-01-06T16:05:35.616799,normal,,,
TXN_000487,ACC_000058,ACC_000043,4795.97,2026-01-06T18:19:33.616799,normal,,,
TXN_000852,ACC_000037,ACC_000022,4555.62,2026-01-06T19:01:36.616799,normal,,,
TXN_000481,ACC_000089,ACC_000082,4879.91,2026-01-06T19:06:02.616799,normal,,,
TXN_000210,ACC_000034,ACC_000009,5594.08,2026-01-06T19:14:51.616799,normal,,,
TXN_000595,ACC_000071,ACC_000023,2302.43,2026-01-06T20:11:02.616799,normal,,,
TXN_000822,ACC_000076,ACC_000035,8774.53,2026-01-06T20:22:34.616799,normal,,,
TXN_000665,ACC_000095,ACC_000048,8443.93,2026-01-06T20:34:45.616799,normal,,,
TXN_000640,ACC_000070,ACC_000092,5318.95,2026-01-06T20:53:38.616799,normal,,,
TXN_000590,ACC_000024,ACC_000071,4276.12,2026-01-06T21:00:25.616799,normal,,,
TXN_000280,ACC_000005,ACC_000069,780.12,2026-01-06T21:42:38.616799,normal,,,
TXN_000077,ACC_000069,ACC_000032,5585.26,2026-01-06T22:47:14.616799,normal,,,
TXN_000759,ACC_000055,ACC_000075,7701.53,2026-01-06T23:14:01.616799,normal,,,
TXN_000922,ACC_000060,ACC_000074,1720.21,2026-01-06T23:35:05.616799,normal,,,
TXN_000760,ACC_000081,ACC_000023,8078.51,2026-01-07T00:08:00.616799,normal,,,
TXN_000448,ACC_000096,ACC_000011,7224.82,2026-01-07T00:22:04.616799,normal,,,
TXN_000438,ACC_000008,ACC_000042,3344.67,2026-01-07T00:30:38.616799,normal,,,
TXN_000325,ACC_000066,ACC_000049,4385.55,2026-01-07T01:42:29.616799,normal,,,
TXN_000098,ACC_000052,ACC_000030,7184.53,2026-01-07T02:40:02.616799,normal,,,
TXN_000303,ACC_000014,ACC_000089,7047.38,2026-01-07T02:53:27.616799,normal,,,
TXN_000634,ACC_000056,ACC_000038,8968.66,2026-01-07T03:14:55.616799,normal,,,
TXN_000403,ACC_000043,ACC_000093,5328.81,2026-01-07T04:03:12.616799,normal,,,
TXN_000586,ACC_000098,ACC_000085,1337.07,2026-01-07T05:00:49.616799,normal,,,
TXN_000292,ACC_000046,ACC_000041,4528.83,2026-01-07T06:57:55.616799,normal,,,
TXN_000541,ACC_000046,ACC_000017,910.19,2026-01-07T07:13:27.616799,normal,,,
TXN_000298,ACC_000077,ACC_000009,3144.15,2026-01-07T07:19:39.616799,normal,,,
TXN_000271,ACC_000032,ACC_000039,9620.23,2026-01-07T07:39:58.616799,normal,,,
TXN_000898,ACC_000009,ACC_000095,4806.45,2026-01-07T07:48:07.616799,normal,,,
TXN_000158,ACC_000091,ACC_000047,3169.05,2026-01-07T08:25:53.616799,normal,,,
TXN_000639,ACC_000062,ACC_000039,8768.2,2026-01-07T08:48:12.616799,normal,,,
TXN_000347,ACC_000091,ACC_000014,7521.0,2026-01-07T09:23:57.616799,normal,,,
TXN_000096,ACC_000031,ACC_000084,2889.25,2026-01-07T09:25:20.616799,normal,,,
TXN_000583,ACC_000006,ACC_000027,6031.77,2026-01-07T10:06:21.616799,normal,,,
TXN_000393,ACC_000000,ACC_000037,2436.14,2026-01-07T10:08:24.616799,normal,,,
TXN_000385,ACC_000028,ACC_000095,5308.72,2026-01-07T10:24:19.616799,normal,,,
TXN_000939,ACC_000067,ACC_000029,6508.91,2026-01-07T12:44:20.616799,normal,,,
TXN_000446,ACC_000025,ACC_000095,7733.64,2026-01-07T12:52:00.616799,normal,,,
TXN_000885,ACC_000059,ACC_000001,5580.75,2026-01-07T12:52:22.616799,normal,,,
TXN_000207,ACC_000083,ACC_000028,6837.78,2026-01-07T12:53:47.616799,normal,,,
TXN_000480,ACC_000065,ACC_000002,807.06,2026-01-07T13:03:52.616799,normal,,,
TXN_000016,ACC_000063,ACC_000003,7830.28,2026-01-07T14:51:02.616799,normal,,,
TXN_000960,ACC_000002,ACC_000076,5202.06,2026-01-07T14:51:39.616799,normal,,,
TXN_000201,ACC_000008,ACC_000071,836.05,2026-01-07T15:42:46.616799,normal,,,
TXN_000519,ACC_000037,ACC_000027,6991.64,2026-01-07T17:00:42.616799,normal,,,
TXN_000238,ACC_000059,ACC_000067,294.26,2026-01-07T17:05:26.616799,normal,,,
TXN_000334,ACC_000067,ACC_000097,4490.83,2026-01-07T19:30:53.616799,normal,,,
TXN_000929,ACC_000001,ACC_000062,6906.9,2026-01-07T19:44:44.616799,normal,,,
TXN_000912,ACC_000026,ACC_000047,9012.36,2026-01-07T19:53:17.616799,normal,,,
TXN_000402,ACC_000079,ACC_000074,7344.15,2026-01-07T19:56:20.616799,normal,,,
TXN_000656,ACC_000026,ACC_000008,2239.33,2026-01-07T20:17:18.616799,normal,,,
TXN_000285,ACC_000073,ACC_000046,991.9,2026-01-07T20:19:10.616799,normal,,,
TXN_000499,ACC_000082,ACC_000095,5486.62,2026-01-07T20:40:44.616799,normal,,,
TXN_000050,ACC_000028,ACC_000041,1477.49,2026-01-07T21:38:57.616799,normal,,,
TXN_000529,ACC_000003,ACC_000098,3168.91,2026-01-07T22:17:53.616799,normal,,,
TXN_000647,ACC_000050,ACC_000052,3757.24,2026-01-07T22:38:27.616799,normal,,,
TXN_000747,ACC_000042,ACC_000019,5955.06,2026-01-07T22:54:32.616799,normal,,,
TXN_000071,ACC_000010,ACC_000097,7853.65,2026-01-07T23:06:33.616799,normal,,,
TXN_000753,ACC_000044,ACC_000048,9315.8,2026-01-08T00:54:01.616799,normal,,,
TXN_000251,ACC_000077,ACC_000056,6383.4,2026-01-08T02:10:22.616799,normal,,,
TXN_000531,ACC_000054,ACC_000000,221.98,2026-01-08T02:29:18.616799,normal,,,
TXN_000974,ACC_000091,ACC_000094,9116.41,2026-01-08T03:29:23.616799,normal,,,
TXN_000456,ACC_000096,ACC_000056,3116.19,2026-01-08T03:39:18.616799,normal,,,
TXN_000965,ACC_000025,ACC_000090,2693.14,2026-01-08T04:33:15.616799,normal,,,
TXN_000522,ACC_000044,ACC_000026,5756.32,2026-01-08T06:50:44.616799,normal,,,
TXN_000462,ACC_000083,ACC_000039,9434.47,2026-01-08T07:52:20.616799,normal,,,
TXN_000674,ACC_000093,ACC_000095,7422.25,2026-01-08T08:11:51.616799,normal,,,
TXN_000282,ACC_000040,ACC_000014,2407.54,2026-01-08T09:31:06.616799,normal,,,
TXN_000214,ACC_000065,ACC_000007,4516.44,2026-01-08T09:36:10.616799,normal,,,
TXN_000719,ACC_000073,ACC_000080,7854.8,2026-01-08T10:06:19.616799,normal,,,
TXN_000539,ACC_000069,ACC_000093,4762.64,2026-01-08T11:37:27.616799,normal,,,
TXN_000065,ACC_000073,ACC_000055,6982.57,2026-01-08T11:39:51.616799,normal,,,
TXN_000472,ACC_000057,ACC_000081,5596.84,2026-01-08T13:33:33.616799,normal,,,
TXN_000616,ACC_000067,ACC_000011,8080.76,2026-01-08T13:40:24.616799,normal,,,
TXN_000031,ACC_000050,ACC_000005,9760.4,2026-01-08T14:54:33.616799,normal,,,
TXN_000790,ACC_000058,ACC_000077,5650.08,2026-01-08T16:39:20.616799,normal,,,
TXN_000454,ACC_000080,ACC_000006,322.55,2026-01-08T16:42:57.616799,normal,,,
TXN_000724,ACC_000048,ACC_000085,5623.5,2026-01-08T16:51:17.616799,normal,,,
TXN_000190,ACC_000000,ACC_000024,9268.07,2026-01-08T17:07:45.616799,normal,,,
TXN_000054,ACC_000050,ACC_000017,8665.4,2026-01-08T17:26:45.616799,normal,,,
TXN_000223,ACC_000059,ACC_000013,6822.85,2026-01-08T18:00:44.616799,normal,,,
TXN_000953,ACC_000066,ACC_000045,6822.56,2026-01-08T18:11:33.616799,normal,,,
TXN_000085,ACC_000085,ACC_000071,8006.45,2026-01-08T18:20:08.616799,normal,,,
TXN_000053,ACC_000040,ACC_000064,9709.82,2026-01-08T18:44:11.616799,normal,,,
TXN_000702,ACC_000089,ACC_000094,2842.04,2026-01-08T19:02:43.616799,normal,,,
TXN_000483,ACC_000031,ACC_000072,4674.75,2026-01-08T19:06:48.616799,normal,,,
TXN_000762,ACC_000044,ACC_000082,5133.37,2026-01-08T19:38:55.616799,normal,,,
TXN_000222,ACC_000035,ACC_000065,3957.52,2026-01-08T20:20:37.616799,normal,,,
TXN_000408,ACC_000066,ACC_000014,6979.98,2026-01-08T21:00:38.616799,normal,,,
TXN_000563,ACC_000022,ACC_000011,4986.42,2026-01-08T21:40:14.616799,normal,,,
TXN_000552,ACC_000074,ACC_000066,6412.78,2026-01-08T22:33:33.616799,normal,,,
TXN_000592,ACC_000071,ACC_000026,538.06,2026-01-08T22:49:34.616799,normal,,,
TXN_000826,ACC_000006,ACC_000023,4446.03,2026-01-08T23:38:12.616799,normal,,,
TXN_000957,ACC_000045,ACC_000051,440.25,2026-01-08T23:46:18.616799,normal,,,
TXN_000217,ACC_000037,ACC_000029,406.22,2026-01-09T04:40:46.616799,normal,,,
TXN_000091,ACC_000066,ACC_000065,7091.59,2026-01-09T05:13:44.616799,normal,,,
TXN_000987,ACC_000048,ACC_000041,2965.27,2026-01-09T05:15:17.616799,normal,,,
TXN_000375,ACC_000015,ACC_000060,6167.33,2026-01-09T05:47:29.616799,normal,,,
TXN_000993,ACC_000080,ACC_000090,3472.6,2026-01-09T05:53:02.616799,normal,,,
TXN_000340,ACC_000040,ACC_000022,3644.02,2026-01-09T06:39:32.616799,normal,,,
TXN_000423,ACC_000062,ACC_000043,3777.69,2026-01-09T06:47:45.616799,normal,,,
TXN_000342,ACC_000013,ACC_000085,9615.54,2026-01-09T07:00:17.616799,normal,,,
TXN_000129,ACC_000082,ACC_000011,5761.51,2026-01-09T07:28:03.616799,normal,,,
TXN_000700,ACC_000094,ACC_000052,3059.11,2026-01-09T07:53:24.616799,normal,,,
TXN_000927,ACC_000067,ACC_000083,3300.92,2026-01-09T09:33:36.616799,normal,,,
TXN_000605,ACC_000095,ACC_000005,3876.74,2026-01-09T09:50:56.616799,normal,,,
TXN_000458,ACC_000060,ACC_000096,3591.52,2026-01-09T10:36:43.616799,normal,,,
TXN_000911,ACC_000055,ACC_000005,6393.98,2026-01-09T10:56:28.616799,normal,,,
TXN_000100,ACC_000034,ACC_000024,2969.71,2026-01-09T12:00:12.616799,normal,,,
TXN_000587,ACC_000043,ACC_000030,2861.92,2026-01-09T12:53:29.616799,normal,,,
TXN_000218,ACC_000021,ACC_000013,5510.18,2026-01-09T13:00:25.616799,normal,,,
TXN_000055,ACC_000062,ACC_000067,2125.39,2026-01-09T13:17:41.616799,normal,,,
TXN_000565,ACC_000055,ACC_000073,7510.61,2026-01-09T13:23:27.616799,normal,,,
TXN_000655,ACC_000012,ACC_000028,4176.84,2026-01-09T13:48:53.616799,normal,,,
TXN_000167,ACC_000006,ACC_000041,4831.11,2026-01-09T14:17:37.616799,normal,,,
TXN_000972,ACC_000051,ACC_000064,3127.25,2026-01-09T14:54:29.616799,normal,,,
TXN_000887,ACC_000093,ACC_000005,4419.63,2026-01-09T15:18:00.616799,normal,,,
TXN_000789,ACC_000002,ACC_000004,8478.28,2026-01-09T15:27:20.616799,normal,,,
TXN_000718,ACC_000062,ACC_000090,4491.01,2026-01-09T15:33:47.616799,normal,,,
TXN_000473,ACC_000023,ACC_000099,6715.14,2026-01-09T16:46:53.616799,normal,,,
TXN_000872,ACC_000061,ACC_000007,3285.19,2026-01-09T17:19:14.616799,normal,,,
TXN_000475,ACC_000016,ACC_000025,2210.43,2026-01-09T17:21:31.616799,normal,,,
TXN_000696,ACC_000022,ACC_000077,8929.02,2026-01-09T17:24:17.616799,normal,,,
TXN_000047,ACC_000083,ACC_000077,4010.59,2026-01-09T17:33:50.616799,normal,,,
TXN_000430,ACC_000017,ACC_000014,1926.41,2026-01-09T18:39:15.616799,normal,,,
TXN_000548,ACC_000097,ACC_000022,2656.91,2026-01-09T18:45:04.616799,normal,,,
TXN_000564,ACC_000047,ACC_000017,776.99,2026-01-09T18:55:47.616799,normal,,,
TXN_000301,ACC_000085,ACC_000097,4938.76,2026-01-09T19:36:57.616799,normal,,,
TXN_000234,ACC_000027,ACC_000095,8282.82,2026-01-09T20:06:29.616799,normal,,,
TXN_000543,ACC_000063,ACC_000028,2637.78,2026-01-09T21:13:21.616799,normal,,,
TXN_000154,ACC_000006,ACC_000047,8496.85,2026-01-09T21:59:59.616799,normal,,,
TXN_000063,ACC_000070,ACC_000093,9829.78,2026-01-09T22:18:42.616799,normal,,,
TXN_000909,ACC_000013,ACC_000082,5710.97,2026-01-09T22:27:12.616799,normal,,,
TXN_000657,ACC_000026,ACC_000054,3578.16,2026-01-10T01:17:15.616799,normal,,,
TXN_000890,ACC_000059,ACC_000064,9837.66,2026-01-10T01:36:54.616799,normal,,,
TXN_000833,ACC_000040,ACC_000031,5257.8,2026-01-10T03:14:18.616799,normal,,,
TXN_000106,ACC_000038,ACC_000018,4788.87,2026-01-10T04:09:16.616799,normal,,,
TXN_000818,ACC_000036,ACC_000008,8989.33,2026-01-10T04:16:09.616799,normal,,,
TXN_000732,ACC_000040,ACC_000077,5310.19,2026-01-10T05:03:11.616799,normal,,,
TXN_000503,ACC_000096,ACC_000022,6460.86,2026-01-10T07:03:28.616799,normal,,,
TXN_000306,ACC_000026,ACC_000091,5748.29,2026-01-10T10:04:46.616799,normal,,,
TXN_000018,ACC_000062,ACC_000001,5196.56,2026-01-10T10:04:47.616799,normal,,,
TXN_000733,ACC_000033,ACC_000068,7389.72,2026-01-10T10:17:44.616799,normal,,,
TXN_000165,ACC_000035,ACC_000079,4959.2,2026-01-10T10:36:04.616799,normal,,,
TXN_000914,ACC_000056,ACC_000024,6821.15,2026-01-10T11:12:52.616799,normal,,,
TXN_000854,ACC_000036,ACC_000039,7457.75,2026-01-10T13:27:31.616799,normal,,,
TXN_000959,ACC_000003,ACC_000052,5821.21,2026-01-10T13:38:40.616799,normal,,,
TXN_000168,ACC_000069,ACC_000010,846.12,2026-01-10T13:54:21.616799,normal,,,
TXN_000554,ACC_000085,ACC_000002,3119.57,2026-01-10T15:33:55.616799,normal,,,
TXN_000979,ACC_000052,ACC_000077,8348.37,2026-01-10T16:39:46.616799,normal,,,
TXN_000741,ACC_000047,ACC_000096,4977.52,2026-01-10T17:08:00.616799,normal,,,
TXN_000295,ACC_000080,ACC_000030,4400.16,2026-01-10T17:27:20.616799,normal,,,
TXN_000215,ACC_000052,ACC_000014,1600.8,2026-01-10T17:41:33.616799,normal,,,
TXN_000194,ACC_000049,ACC_000075,1928.89,2026-01-10T17:49:19.616799,normal,,,
TXN_000464,ACC_000082,ACC_000043,8486.68,2026-01-10T18:29:18.616799,normal,,,
TXN_000697,ACC_000021,ACC_000027,858.27,2026-01-10T18:33:29.616799,normal,,,
TXN_000434,ACC_000089,ACC_000092,456.81,2026-01-10T18:53:41.616799,normal,,,
TXN_000226,ACC_000012,ACC_000093,8299.47,2026-01-10T19:04:56.616799,normal,,,
TXN_000266,ACC_000019,ACC_000025,4362.05,2026-01-10T19:59:59.616799,normal,,,
TXN_000720,ACC_000074,ACC_000052,1903.06,2026-01-10T21:15:33.616799,normal,,,
TXN_000263,ACC_000062,ACC_000096,1626.28,2026-01-10T21:24:53.616799,normal,,,
TXN_000758,ACC_000049,ACC_000020,3684.69,2026-01-10T23:36:31.616799,normal,,,
TXN_000608,ACC_000095,ACC_000012,5048.08,2026-01-11T00:08:27.616799,normal,,,
TXN_000356,ACC_000045,ACC_000037,3575.46,2026-01-11T00:28:50.616799,normal,,,
TXN_000880,ACC_000000,ACC_000073,5333.85,2026-01-11T03:34:48.616799,normal,,,
TXN_000786,ACC_000090,ACC_000020,548.7,2026-01-11T04:18:15.616799,normal,,,
TXN_000405,ACC_000059,ACC_000048,3515.58,2026-01-11T05:10:58.616799,normal,,,
TXN_000359,ACC_000057,ACC_000083,8302.51,2026-01-11T06:41:25.616799,normal,,,
TXN_000731,ACC_000019,ACC_000052,1896.5,2026-01-11T07:05:00.616799,normal,,,
TXN_000484,ACC_000083,ACC_000037,6494.73,2026-01-11T07:24:06.616799,normal,,,
TXN_000600,ACC_000008,ACC_000085,5497.36,2026-01-11T09:13:54.616799,normal,,,
TXN_000066,ACC_000050,ACC_000067,8243.72,2026-01-11T09:47:36.616799,normal,,,
TXN_000701,ACC_000010,ACC_000018,7778.34,2026-01-11T10:46:11.616799,normal,,,
TXN_000644,ACC_000084,ACC_000030,4677.49,2026-01-11T11:01:15.616799,normal,,,
TXN_000126,ACC_000025,ACC_000030,1061.17,2026-01-11T11:12:44.616799,normal,,,
TXN_000545,ACC_000059,ACC_000047,3672.48,2026-01-11T11:23:14.616799,normal,,,
TXN_000021,ACC_000081,ACC_000033,6506.39,2026-01-11T12:04:00.616799,normal,,,
TXN_000330,ACC_000047,ACC_000091,7578.94,2026-01-11T13:28:35.616799,normal,,,
TXN_000118,ACC_000042,ACC_000069,1857.07,2026-01-11T13:33:43.616799,normal,,,
TXN_000684,ACC_000016,ACC_000091,5581.02,2026-01-11T14:55:28.616799,normal,,,
TXN_000515,ACC_000093,ACC_000023,2545.95,2026-01-11T15:02:02.616799,normal,,,
TXN_000128,ACC_000077,ACC_000005,2423.49,2026-01-11T17:29:54.616799,normal,,,
TXN_000435,ACC_000028,ACC_000081,9009.94,2026-01-11T19:40:15.616799,normal,,,
TXN_000086,ACC_000082,ACC_000025,9931.0,2026-01-11T20:42:57.616799,normal,,,
TXN_000471,ACC_000015,ACC_000014,5100.24,2026-01-11T21:15:21.616799,normal,,,
TXN_000896,ACC_000020,ACC_000053,4870.69,2026-01-11T21:15:27.616799,normal,,,
TXN_000931,ACC_000039,ACC_000023,7707.01,2026-01-11T21:37:04.616799,normal,,,
TXN_000508,ACC_000052,ACC_000017,8163.35,2026-01-11T22:19:04.616799,normal,,,
TXN_000104,ACC_000073,ACC_000076,6716.33,2026-01-11T22:31:08.616799,normal,,,
TXN_000566,ACC_000054,ACC_000010,3608.47,2026-01-11T22:51:37.616799,normal,,,
TXN_000831,ACC_000077,ACC_000098,3311.27,2026-01-11T23:18:32.616799,normal,,,
TXN_000919,ACC_000070,ACC_000030,3994.52,2026-01-12T00:17:41.616799,normal,,,
TXN_000675,ACC_000087,ACC_000011,475.34,2026-01-12T00:24:55.616799,normal,,,
TXN_000227,ACC_000019,ACC_000005,3106.67,2026-01-12T02:11:01.616799,normal,,,
TXN_000783,ACC_000098,ACC_000050,5077.01,2026-01-12T03:44:04.616799,normal,,,
TXN_000461,ACC_000057,ACC_000064,2634.75,2026-01-12T04:02:40.616799,normal,,,
TXN_000125,ACC_000083,ACC_000082,4755.28,2026-01-12T06:07:53.616799,normal,,,
TXN_000941,ACC_000045,ACC_000080,4762.87,2026-01-12T06:10:54.616799,normal,,,
TXN_000335,ACC_000024,ACC_000074,2272.6,2026-01-12T07:04:15.616799,normal,,,
TXN_000825,ACC_000031,ACC_000008,1271.45,2026-01-12T07:17:17.616799,normal,,,
TXN_000893,ACC_000081,ACC_000069,2436.83,2026-01-12T07:50:47.616799,normal,,,
TXN_000249,ACC_000043,ACC_000059,5867.04,2026-01-12T08:58:53.616799,normal,,,
TXN_000079,ACC_000027,ACC_000082,3597.77,2026-01-12T10:03:05.616799,normal,,,
TXN_000899,ACC_000050,ACC_000018,5599.37,2026-01-12T10:23:34.616799,normal,,,
TXN_000361,ACC_000063,ACC_000003,516.38,2026-01-12T10:32:55.616799,normal,,,
TXN_000636,ACC_000004,ACC_000017,8797.55,2026-01-12T10:54:52.616799,normal,,,
TXN_000730,ACC_000008,ACC_000064,447.9,2026-01-12T11:47:33.616799,normal,,,
TXN_000097,ACC_000085,ACC_000059,3975.97,2026-01-12T12:01:09.616799,normal,,,
TXN_000389,ACC_000092,ACC_000087,3435.49,2026-01-12T12:24:53.616799,normal,,,
TXN_000341,ACC_000091,ACC_000063,8038.74,2026-01-12T13:03:14.616799,normal,,,
TXN_000200,ACC_000046,ACC_000062,525.04,2026-01-12T14:40:42.616799,normal,,,
TXN_000517,ACC_000054,ACC_000070,1480.96,2026-01-12T14:56:15.616799,normal,,,
TXN_000363,ACC_000011,ACC_000069,4057.87,2026-01-12T15:13:29.616799,normal,,,
TXN_000182,ACC_000066,ACC_000076,5516.14,2026-01-12T16:42:58.616799,normal,,,
TXN_000650,ACC_000062,ACC_000041,869.26,2026-01-12T16:46:15.616799,normal,,,
TXN_000883,ACC_000002,ACC_000032,6203.29,2026-01-12T18:44:30.616799,normal,,,
TXN_000124,ACC_000043,ACC_000003,8174.75,2026-01-12T19:08:53.616799,normal,,,
TXN_000709,ACC_000002,ACC_000051,2019.73,2026-01-12T19:12:04.616799,normal,,,
TXN_000968,ACC_000015,ACC_000067,876.17,2026-01-12T20:11:58.616799,normal,,,
TXN_000535,ACC_000087,ACC_000068,846.27,2026-01-12T20:12:18.616799,normal,,,
TXN_000570,ACC_000050,ACC_000052,510.69,2026-01-12T20:54:06.616799,normal,,,
TXN_000400,ACC_000002,ACC_000084,8958.48,2026-01-12T23:15:13.616799,normal,,,
TXN_000305,ACC_000059,ACC_000074,2755.98,2026-01-12T23:41:51.616799,normal,,,
TXN_000294,ACC_000014,ACC_000017,1996.32,2026-01-13T00:07:12.616799,normal,,,
TXN_000540,ACC_000091,ACC_000088,4916.06,2026-01-13T00:46:49.616799,normal,,,
TXN_000682,ACC_000099,ACC_000068,8960.15,2026-01-13T01:13:14.616799,normal,,,
TXN_000876,ACC_000043,ACC_000029,4337.93,2026-01-13T02:37:51.616799,normal,,,
TXN_000437,ACC_000022,ACC_000095,5298.06,2026-01-13T04:41:09.616799,normal,,,
TXN_000767,ACC_000036,ACC_000044,6956.97,2026-01-13T04:58:26.616799,normal,,,
TXN_000247,ACC_000033,ACC_000071,3250.45,2026-01-13T05:07:42.616799,normal,,,
TXN_000366,ACC_000026,ACC_000099,7973.34,2026-01-13T07:02:24.616799,normal,,,
TXN_000933,ACC_000031,ACC_000070,9684.42,2026-01-13T07:34:30.616799,normal,,,
TXN_000512,ACC_000069,ACC_000095,2195.11,2026-01-13T08:59:29.616799,normal,,,
TXN_000585,ACC_000049,ACC_000054,9935.12,2026-01-13T12:20:46.616799,normal,,,
TXN_000947,ACC_000039,ACC_000069,7583.77,2026-01-13T12:37:11.616799,normal,,,
TXN_000671,ACC_000050,ACC_000020,4276.71,2026-01-13T12:50:32.616799,normal,,,
TXN_000232,ACC_000013,ACC_000023,2436.87,2026-01-13T13:15:39.616799,normal,,,
TXN_000123,ACC_000042,ACC_000076,6133.89,2026-01-13T14:11:14.616799,normal,,,
TXN_000967,ACC_000040,ACC_000099,2350.57,2026-01-13T15:23:45.616799,normal,,,
TXN_000925,ACC_000091,ACC_000090,754.68,2026-01-13T15:40:14.616799,normal,,,
TXN_000985,ACC_000081,ACC_000040,6724.46,2026-01-13T17:01:29.616799,normal,,,
TXN_000969,ACC_000021,ACC_000007,2075.82,2026-01-13T17:36:47.616799,normal,,,
TXN_000568,ACC_000052,ACC_000064,3794.43,2026-01-13T19:13:10.616799,normal,,,
TXN_000005,ACC_000048,ACC_000023,9764.18,2026-01-13T19:28:24.616799,normal,,,
TXN_000270,ACC_000055,ACC_000075,6357.0,2026-01-13T19:40:33.616799,normal,,,
TXN_000206,ACC_000087,ACC_000081,6239.22,2026-01-13T20:23:15.616799,normal,,,
TXN_000533,ACC_000036,ACC_000098,9833.67,2026-01-13T21:27:33.616799,normal,,,
TXN_000328,ACC_000040,ACC_000094,559.45,2026-01-13T22:48:04.616799,normal,,,
TXN_000147,ACC_000053,ACC_000003,9502.82,2026-01-13T23:00:38.616799,normal,,,
TXN_000371,ACC_000090,ACC_000055,9759.96,2026-01-13T23:42:39.616799,normal,,,
TXN_000004,ACC_000042,ACC_000049,4168.86,2026-01-14T00:06:58.616799,normal,,,
TXN_000478,ACC_000082,ACC_000040,9334.95,2026-01-14T02:18:57.616799,normal,,,
TXN_000105,ACC_000040,ACC_000032,8301.9,2026-01-14T04:48:52.616799,normal,,,
TXN_000382,ACC_000076,ACC_000069,6383.87,2026-01-14T04:49:27.616799,normal,,,
TXN_000858,ACC_000095,ACC_000013,9842.57,2026-01-14T05:07:16.616799,normal,,,
TXN_000436,ACC_000007,ACC_000073,6835.49,2026-01-14T05:52:22.616799,normal,,,
TXN_000869,ACC_000050,ACC_000063,9022.38,2026-01-14T06:13:41.616799,normal,,,
TXN_000970,ACC_000003,ACC_000099,7917.45,2026-01-14T06:27:44.616799,normal,,,
TXN_000750,ACC_000084,ACC_000019,6907.07,2026-01-14T06:40:28.616799,normal,,,
TXN_000117,ACC_000028,ACC_000072,795.97,2026-01-14T07:35:16.616799,normal,,,
TXN_000254,ACC_000078,ACC_000060,5456.48,2026-01-14T07:46:48.616799,normal,,,
TXN_000122,ACC_000071,ACC_000067,2210.77,2026-01-14T09:18:36.616799,normal,,,
TXN_000411,ACC_000056,ACC_000067,6406.18,2026-01-14T10:05:31.616799,normal,,,
TXN_000140,ACC_000015,ACC_000079,2691.5,2026-01-14T10:21:59.616799,normal,,,
TXN_000203,ACC_000025,ACC_000097,9697.62,2026-01-14T11:06:24.616799,normal,,,
TXN_000211,ACC_000043,ACC_000036,1030.99,2026-01-14T11:32:05.616799,normal,,,
TXN_000028,ACC_000027,ACC_000031,4350.89,2026-01-14T11:46:56.616799,normal,,,
TXN_000627,ACC_000084,ACC_000018,6520.43,2026-01-14T12:38:52.616799,normal,,,
TXN_000084,ACC_000005,ACC_000013,8161.71,2026-01-14T13:46:31.616799,normal,,,
TXN_000345,ACC_000059,ACC_000074,4223.92,2026-01-14T13:57:06.616799,normal,,,
TXN_000172,ACC_000055,ACC_000013,3476.65,2026-01-14T14:18:03.616799,normal,,,
TXN_000661,ACC_000092,ACC_000057,6420.39,2026-01-14T15:18:36.616799,normal,,,
TXN_000940,ACC_000017,ACC_000019,9916.45,2026-01-14T15:31:50.616799,normal,,,
TXN_000677,ACC_000065,ACC_000083,1929.8,2026-01-14T15:34:28.616799,normal,,,
TXN_000776,ACC_000097,ACC_000064,5883.62,2026-01-14T15:41:16.616799,normal,,,
TXN_000327,ACC_000044,ACC_000072,2340.92,2026-01-14T15:57:07.616799,normal,,,
TXN_000713,ACC_000038,ACC_000063,3251.8,2026-01-14T17:52:29.616799,normal,,,
TXN_000360,ACC_000004,ACC_000050,2482.98,2026-01-14T18:22:03.616799,normal,,,
TXN_000795,ACC_000077,ACC_000023,9690.49,2026-01-14T20:07:06.616799,normal,,,
TXN_000836,ACC_000034,ACC_000087,3204.19,2026-01-14T22:09:59.616799,normal,,,
TXN_000716,ACC_000080,ACC_000059,7832.93,2026-01-14T22:53:54.616799,normal,,,
TXN_000668,ACC_000022,ACC_000056,8814.41,2026-01-14T23:20:16.616799,normal,,,
TXN_000874,ACC_000063,ACC_000041,141.97,2026-01-14T23:29:55.616799,normal,,,
TXN_000981,ACC_000082,ACC_000048,8221.26,2026-01-14T23:52:49.616799,normal,,,
TXN_000108,ACC_000015,ACC_000096,9451.43,2026-01-15T00:04:29.616799,normal,,,
TXN_000740,ACC_000052,ACC_000001,1228.82,2026-01-15T01:36:49.616799,normal,,,
TXN_000107,ACC_000097,ACC_000059,7173.44,2026-01-15T01:59:02.616799,normal,,,
TXN_000861,ACC_000086,ACC_000070,8332.0,2026-01-15T02:09:27.616799,normal,,,
TXN_000673,ACC_000012,ACC_000072,2417.2,2026-01-15T02:16:52.616799,normal,,,
TXN_000110,ACC_000091,ACC_000071,955.41,2026-01-15T02:56:06.616799,normal,,,
TXN_000521,ACC_000051,ACC_000073,4869.69,2026-01-15T03:23:45.616799,normal,,,
TXN_000617,ACC_000099,ACC_000042,3063.84,2026-01-15T03:40:21.616799,normal,,,
TXN_000205,ACC_000044,ACC_000067,1034.91,2026-01-15T04:10:45.616799,normal,,,
TXN_000081,ACC_000034,ACC_000080,9886.12,2026-01-15T04:14:41.616799,normal,,,
TXN_000667,ACC_000039,ACC_000031,7388.24,2026-01-15T04:39:27.616799,normal,,,
TXN_000622,ACC_000098,ACC_000095,8238.85,2026-01-15T05:33:49.616799,normal,,,
TXN_000498,ACC_000025,ACC_000035,4417.32,2026-01-15T05:44:18.616799,normal,,,
TXN_000916,ACC_000098,ACC_000021,8728.44,2026-01-15T06:28:55.616799,normal,,,
TXN_000138,ACC_000055,ACC_000096,6866.83,2026-01-15T06:37:46.616799,normal,,,
TXN_000231,ACC_000013,ACC_000084,1506.54,2026-01-15T07:50:02.616799,normal,,,
TXN_000259,ACC_000050,ACC_000063,4909.86,2026-01-15T11:37:26.616799,normal,,,
TXN_000502,ACC_000041,ACC_000032,4764.85,2026-01-15T12:26:16.616799,normal,,,
TXN_000819,ACC_000028,ACC_000086,8498.87,2026-01-15T12:35:11.616799,normal,,,
TXN_000447,ACC_000066,ACC_000045,1403.48,2026-01-15T13:26:52.616799,normal,,,
TXN_000139,ACC_000085,ACC_000038,7908.34,2026-01-15T13:36:23.616799,normal,,,
TXN_000902,ACC_000068,ACC_000019,1843.0,2026-01-15T14:19:39.616799,normal,,,
TXN_000577,ACC_000084,ACC_000044,8640.39,2026-01-15T15:43:36.616799,normal,,,
TXN_000907,ACC_000065,ACC_000083,3816.32,2026-01-15T18:15:49.616799,normal,,,
TXN_000278,ACC_000080,ACC_000031,8611.83,2026-01-15T18:51:44.616799,normal,,,
TXN_000513,ACC_000085,ACC_000047,2032.97,2026-01-15T19:08:50.616799,normal,,,
TXN_000208,ACC_000031,ACC_000037,297.57,2026-01-15T22:30:54.616799,normal,,,
TXN_000056,ACC_000042,ACC_000015,7975.52,2026-01-15T23:59:44.616799,normal,,,
TXN_000984,ACC_000084,ACC_000064,1369.22,2026-01-16T00:56:25.616799,normal,,,
TXN_000009,ACC_000019,ACC_000088,3821.1,2026-01-16T01:10:18.616799,normal,,,
TXN_000817,ACC_000042,ACC_000028,8909.4,2026-01-16T01:20:50.616799,normal,,,
TXN_000844,ACC_000012,ACC_000063,8824.59,2026-01-16T02:03:44.616799,normal,,,
TXN_000492,ACC_000037,ACC_000042,9980.05,2026-01-16T02:32:35.616799,normal,,,
TXN_000143,ACC_000013,ACC_000073,3520.2,2026-01-16T03:53:21.616799,normal,,,
TXN_000905,ACC_000032,ACC_000098,7333.57,2026-01-16T03:56:06.616799,normal,,,
TXN_000367,ACC_000046,ACC_000054,8534.06,2026-01-16T04:08:23.616799,normal,,,
TXN_000029,ACC_000057,ACC_000016,6510.42,2026-01-16T06:48:49.616799,normal,,,
TXN_000703,ACC_000081,ACC_000023,8438.89,2026-01-16T07:26:46.616799,normal,,,
TXN_000562,ACC_000041,ACC_000019,940.28,2026-01-16T08:11:32.616799,normal,,,
TXN_000588,ACC_000092,ACC_000082,3328.14,2026-01-16T08:18:08.616799,normal,,,
TXN_000828,ACC_000064,ACC_000045,2691.86,2026-01-16T09:35:33.616799,normal,,,
TXN_000115,ACC_000058,ACC_000091,6748.92,2026-01-16T09:48:24.616799,normal,,,
TXN_000841,ACC_000096,ACC_000087,1370.98,2026-01-16T10:17:38.616799,normal,,,
TXN_000040,ACC_000030,ACC_000019,1134.96,2026-01-16T10:31:35.616799,normal,,,
TXN_000392,ACC_000051,ACC_000021,9836.56,2026-01-16T11:05:31.616799,normal,,,
TXN_000619,ACC_000021,ACC_000014,6649.94,2026-01-16T11:15:58.616799,normal,,,
TXN_000277,ACC_000095,ACC_000062,3312.7,2026-01-16T12:09:29.616799,normal,,,
TXN_000748,ACC_000049,ACC_000078,6321.75,2026-01-16T13:50:05.616799,normal,,,
TXN_000856,ACC_000042,ACC_000040,3112.59,2026-01-16T14:08:13.616799,normal,,,
TXN_000274,ACC_000016,ACC_000057,686.19,2026-01-16T15:15:24.616799,normal,,,
TXN_000428,ACC_000088,ACC_000045,7547.2,2026-01-16T15:33:13.616799,normal,,,
TXN_001000,ACC_000022,ACC_000065,5000.0,2026-01-16T15:48:15.619936,money_laundering,CYCLE_000,,
TXN_000353,ACC_000021,ACC_000080,3625.51,2026-01-16T16:04:07.616799,normal,,,
TXN_000956,ACC_000084,ACC_000043,6883.19,2026-01-16T16:36:57.616799,normal,,,
TXN_001001,ACC_000065,ACC_000073,4750.0,2026-01-16T16:48:15.619936,money_laundering,CYCLE_000,,
TXN_000093,ACC_000051,ACC_000053,5899.44,2026-01-16T17:23:06.616799,normal,,,
TXN_000489,ACC_000003,ACC_000031,1250.36,2026-01-16T17:46:44.616799,normal,,,
TXN_001002,ACC_000073,ACC_000022,4512.5,2026-01-16T17:48:15.619936,money_laundering,CYCLE_000,,
TXN_000228,ACC_000092,ACC_000095,6150.55,2026-01-16T19:24:55.616799,normal,,,
TXN_000321,ACC_000047,ACC_000008,2908.87,2026-01-16T20:31:05.616799,normal,,,
TXN_000101,ACC_000066,ACC_000085,3648.31,2026-01-16T22:20:53.616799,normal,,,
TXN_000903,ACC_000078,ACC_000032,3919.22,2026-01-16T23:13:26.616799,normal,,,
TXN_000921,ACC_000056,ACC_000003,498.79,2026-01-16T23:24:14.616799,normal,,,
TXN_000465,ACC_000051,ACC_000098,2193.76,2026-01-16T23:54:13.616799,normal,,,
TXN_000317,ACC_000045,ACC_000087,9376.56,2026-01-17T01:34:54.616799,normal,,,
TXN_000770,ACC_000075,ACC_000073,2780.0,2026-01-17T01:40:33.616799,normal,,,
TXN_000669,ACC_000011,ACC_000079,3564.0,2026-01-17T02:28:22.616799,normal,,,
TXN_000710,ACC_000068,ACC_000005,2315.9,2026-01-17T02:45:10.616799,normal,,,
TXN_000213,ACC_000037,ACC_000040,785.37,2026-01-17T02:46:37.616799,normal,,,
TXN_000291,ACC_000078,ACC_000052,4024.17,2026-01-17T04:03:05.616799,normal,,,
TXN_000399,ACC_000038,ACC_000086,1345.95,2026-01-17T04:15:14.616799,normal,,,
TXN_000991,ACC_000029,ACC_000007,6818.56,2026-01-17T07:17:14.616799,normal,,,
TXN_000470,ACC_000077,ACC_000015,6854.95,2026-01-17T07:51:18.616799,normal,,,
TXN_000751,ACC_000069,ACC_000078,1067.03,2026-01-17T08:20:44.616799,normal,,,
TXN_000582,ACC_000062,ACC_000048,9193.66,2026-01-17T08:48:30.616799,normal,,,
TXN_000418,ACC_000044,ACC_000078,3404.27,2026-01-17T08:48:49.616799,normal,,,
TXN_000514,ACC_000016,ACC_000036,6180.17,2026-01-17T09:18:21.616799,normal,,,
TXN_000339,ACC_000089,ACC_000096,5312.65,2026-01-17T09:18:24.616799,normal,,,
TXN_000162,ACC_000009,ACC_000066,3578.86,2026-01-17T09:28:34.616799,normal,,,
TXN_000851,ACC_000055,ACC_000068,2271.3,2026-01-17T09:52:10.616799,normal,,,
TXN_000735,ACC_000029,ACC_000027,3716.5,2026-01-17T12:16:40.616799,normal,,,
TXN_000036,ACC_000032,ACC_000055,8732.07,2026-01-17T12:51:38.616799,normal,,,
TXN_000219,ACC_000052,ACC_000047,8432.97,2026-01-17T13:15:45.616799,normal,,,
TXN_000860,ACC_000086,ACC_000088,8307.05,2026-01-17T13:37:34.616799,normal,,,
TXN_000102,ACC_000087,ACC_000071,7020.0,2026-01-17T13:43:19.616799,normal,,,
TXN_000020,ACC_000087,ACC_000092,3808.85,2026-01-17T13:45:45.616799,normal,,,
TXN_000033,ACC_000026,ACC_000054,4821.16,2026-01-17T14:20:43.616799,normal,,,
TXN_001003,ACC_000013,ACC_000010,5000.0,2026-01-17T15:48:15.619936,money_laundering,CYCLE_001,,
TXN_000003,ACC_000086,ACC_000075,3293.25,2026-01-17T16:39:22.616799,normal,,,
TXN_001004,ACC_000010,ACC_000017,4750.0,2026-01-17T16:48:15.619936,money_laundering,CYCLE_001,,
TXN_000235,ACC_000005,ACC_000041,6474.2,2026-01-17T16:52:06.616799,normal,,,
TXN_000775,ACC_000027,ACC_000080,9218.25,2026-01-17T16:55:07.616799,normal,,,
TXN_000431,ACC_000050,ACC_000013,1517.98,2026-01-17T17:22:26.616799,normal,,,
TXN_001005,ACC_000017,ACC_000013,4512.5,2026-01-17T17:48:15.619936,money_laundering,CYCLE_001,,
TXN_000805,ACC_000086,ACC_000046,8009.53,2026-01-17T18:29:56.616799,normal,,,
TXN_000088,ACC_000079,ACC_000006,7662.72,2026-01-17T20:53:50.616799,normal,,,
TXN_000196,ACC_000049,ACC_000016,8173.96,2026-01-17T21:31:28.616799,normal,,,
TXN_000606,ACC_000069,ACC_000047,6383.64,2026-01-17T21:40:25.616799,normal,,,
TXN_000982,ACC_000054,ACC_000021,5432.55,2026-01-17T23:09:52.616799,normal,,,
TXN_000253,ACC_000010,ACC_000093,1395.2,2026-01-18T00:01:28.616799,normal,,,
TXN_000358,ACC_000078,ACC_000050,5643.22,2026-01-18T00:28:49.616799,normal,,,
TXN_000652,ACC_000010,ACC_000053,3239.47,2026-01-18T00:53:46.616799,normal,,,
TXN_000357,ACC_000080,ACC_000053,5863.53,2026-01-18T01:44:40.616799,normal,,,
TXN_000663,ACC_000022,ACC_000096,290.65,2026-01-18T01:50:45.616799,normal,,,
TXN_000314,ACC_000083,ACC_000066,7604.81,2026-01-18T02:22:57.616799,normal,,,
TXN_000460,ACC_000084,ACC_000056,3263.49,2026-01-18T03:03:27.616799,normal,,,
TXN_000830,ACC_000000,ACC_000076,8348.43,2026-01-18T04:14:17.616799,normal,,,
TXN_000809,ACC_000083,ACC_000018,1900.79,2026-01-18T04:34:48.616799,normal,,,
TXN_000491,ACC_000028,ACC_000062,6997.16,2026-01-18T06:52:17.616799,normal,,,
TXN_000008,ACC_000047,ACC_000071,7000.77,2026-01-18T06:53:02.616799,normal,,,
TXN_000773,ACC_000061,ACC_000019,8047.46,2026-01-18T07:21:41.616799,normal,,,
TXN_000928,ACC_000033,ACC_000047,1707.45,2026-01-18T08:15:09.616799,normal,,,
TXN_000761,ACC_000069,ACC_000016,7046.3,2026-01-18T09:16:01.616799,normal,,,
TXN_000001,ACC_000078,ACC_000028,712.42,2026-01-18T09:34:34.616799,normal,,,
TXN_000152,ACC_000016,ACC_000011,3933.69,2026-01-18T10:07:50.616799,normal,,,
TXN_000900,ACC_000050,ACC_000040,3647.03,2026-01-18T10:22:04.616799,normal,,,
TXN_000815,ACC_000057,ACC_000031,5106.9,2026-01-18T10:29:58.616799,normal,,,
TXN_000220,ACC_000006,ACC_000014,7985.62,2026-01-18T10:56:08.616799,normal,,,
TXN_000132,ACC_000055,ACC_000019,6255.67,2026-01-18T11:12:33.616799,normal,,,
TXN_000193,ACC_000021,ACC_000029,7977.35,2026-01-18T11:48:46.616799,normal,,,
TXN_000444,ACC_000087,ACC_000025,2788.91,2026-01-18T12:16:14.616799,normal,,,
TXN_000742,ACC_000039,ACC_000057,3893.12,2026-01-18T12:21:12.616799,normal,,,
TXN_000551,ACC_000033,ACC_000010,6814.64,2026-01-18T13:33:27.616799,normal,,,
TXN_000754,ACC_000008,ACC_000054,5581.37,2026-01-18T13:39:36.616799,normal,,,
TXN_000717,ACC_000006,ACC_000014,2404.55,2026-01-18T14:25:27.616799,normal,,,
TXN_000943,ACC_000084,ACC_000034,7768.74,2026-01-18T14:52:00.616799,normal,,,
TXN_000390,ACC_000094,ACC_000073,9042.71,2026-01-18T14:59:20.616799,normal,,,
TXN_000442,ACC_000039,ACC_000061,5648.31,2026-01-18T15:21:35.616799,normal,,,
TXN_001006,ACC_000042,ACC_000033,5000.0,2026-01-18T15:48:15.619936,money_laundering,CYCLE_002,,
TXN_001007,ACC_000033,ACC_000016,4750.0,2026-01-18T16:48:15.619936,money_laundering,CYCLE_002,,
TXN_000990,ACC_000071,ACC_000001,3816.08,2026-01-18T17:30:39.616799,normal,,,
TXN_001008,ACC_000016,ACC_000042,4512.5,2026-01-18T17:48:15.619936,money_laundering,CYCLE_002,,
TXN_000204,ACC_000093,ACC_000011,1017.5,2026-01-18T18:54:30.616799,normal,,,
TXN_000070,ACC_000061,ACC_000068,1359.61,2026-01-18T18:58:39.616799,normal,,,
TXN_000945,ACC_000058,ACC_000057,5856.66,2026-01-18T18:59:44.616799,normal,,,
TXN_000723,ACC_000053,ACC_000033,8817.18,2026-01-18T19:10:59.616799,normal,,,
TXN_000859,ACC_000004,ACC_000069,2073.56,2026-01-18T19:25:33.616799,normal,,,
TXN_000868,ACC_000061,ACC_000046,9840.45,2026-01-18T19:53:57.616799,normal,,,
TXN_000813,ACC_000043,ACC_000054,137.79,2026-01-18T20:49:02.616799,normal,,,
TXN_000721,ACC_000034,ACC_000098,8087.23,2026-01-18T21:51:18.616799,normal,,,
TXN_000691,ACC_000071,ACC_000040,9179.42,2026-01-18T23:31:58.616799,normal,,,
TXN_000191,ACC_000006,ACC_000091,1801.63,2026-01-19T00:07:10.616799,normal,,,
TXN_000744,ACC_000024,ACC_000018,8594.09,2026-01-19T00:21:16.616799,normal,,,
TXN_000131,ACC_000017,ACC_000075,8214.81,2026-01-19T01:40:43.616799,normal,,,
TXN_000520,ACC_000011,ACC_000058,7207.56,2026-01-19T02:48:21.616799,normal,,,
TXN_000624,ACC_000093,ACC_000053,7895.93,2026-01-19T03:15:00.616799,normal,,,
TXN_000035,ACC_000025,ACC_000087,416.14,2026-01-19T06:18:36.616799,normal,,,
TXN_000580,ACC_000080,ACC_000097,4341.66,2026-01-19T06:27:20.616799,normal,,,
TXN_000290,ACC_000046,ACC_000062,1215.47,2026-01-19T06:50:27.616799,normal,,,
TXN_000749,ACC_000058,ACC_000060,3058.15,2026-01-19T07:19:08.616799,normal,,,
TXN_000973,ACC_000036,ACC_000087,4157.9,2026-01-19T07:45:24.616799,normal,,,
TXN_000000,ACC_000020,ACC_000092,4511.96,2026-01-19T08:11:32.616799,normal,,,
TXN_000017,ACC_000002,ACC_000088,9193.26,2026-01-19T08:25:11.616799,normal,,,
TXN_000962,ACC_000023,ACC_000074,4022.04,2026-01-19T11:42:33.616799,normal,,,
TXN_000832,ACC_000052,ACC_000054,5060.27,2026-01-19T12:18:38.616799,normal,,,
TXN_000114,ACC_000005,ACC_000007,985.32,2026-01-19T12:23:07.616799,normal,,,
TXN_000571,ACC_000084,ACC_000090,5907.91,2026-01-19T12:24:04.616799,normal,,,
TXN_000316,ACC_000041,ACC_000010,6421.86,2026-01-19T12:47:28.616799,normal,,,
TXN_000351,ACC_000063,ACC_000013,1745.75,2026-01-19T13:01:25.616799,normal,,,
TXN_000978,ACC_000009,ACC_000074,6356.97,2026-01-19T13:04:59.616799,normal,,,
TXN_000331,ACC_000030,ACC_000023,3427.96,2026-01-19T13:23:29.616799,normal,,,
TXN_000300,ACC_000047,ACC_000076,9779.45,2026-01-19T13:32:02.616799,normal,,,
TXN_000150,ACC_000050,ACC_000015,3796.11,2026-01-19T14:09:35.616799,normal,,,
TXN_000932,ACC_000056,ACC_000075,1937.03,2026-01-19T14:11:59.616799,normal,,,
TXN_000659,ACC_000023,ACC_000006,1763.14,2026-01-19T15:36:14.616799,normal,,,
TXN_001009,ACC_000066,ACC_000075,5000.0,2026-01-19T15:48:15.619936,money_laundering,CYCLE_003,,
TXN_000894,ACC_000010,ACC_000079,4440.87,2026-01-19T16:43:04.616799,normal,,,
TXN_001010,ACC_000075,ACC_000092,4750.0,2026-01-19T16:48:15.619936,money_laundering,CYCLE_003,,
TXN_000417,ACC_000093,ACC_000032,3771.54,2026-01-19T16:56:45.616799,normal,,,
TXN_000889,ACC_000099,ACC_000095,3016.34,2026-01-19T17:01:04.616799,normal,,,
TXN_000039,ACC_000038,ACC_000036,1208.38,2026-01-19T17:42:00.616799,normal,,,
TXN_001011,ACC_000092,ACC_000066,4512.5,2026-01-19T17:48:15.619936,money_laundering,CYCLE_003,,
TXN_000255,ACC_000026,ACC_000005,3894.19,2026-01-19T17:57:54.616799,normal,,,
TXN_000073,ACC_000026,ACC_000091,2566.95,2026-01-19T18:10:32.616799,normal,,,
TXN_000995,ACC_000008,ACC_000091,1832.31,2026-01-19T18:44:47.616799,normal,,,
TXN_000707,ACC_000002,ACC_000006,9575.98,2026-01-19T19:07:44.616799,normal,,,
TXN_000920,ACC_000011,ACC_000057,7061.44,2026-01-19T21:23:17.616799,normal,,,
TXN_000474,ACC_000077,ACC_000015,825.5,2026-01-19T22:00:57.616799,normal,,,
TXN_000793,ACC_000008,ACC_000066,5794.82,2026-01-19T22:13:31.616799,normal,,,
TXN_000575,ACC_000037,ACC_000055,3451.25,2026-01-19T22:29:27.616799,normal,,,
TXN_000788,ACC_000064,ACC_000091,9039.46,2026-01-19T23:52:03.616799,normal,,,
TXN_000664,ACC_000096,ACC_000036,3877.11,2026-01-20T00:15:29.616799,normal,,,
TXN_000496,ACC_000029,ACC_000030,3186.07,2026-01-20T00:47:01.616799,normal,,,
TXN_000599,ACC_000088,ACC_000085,5005.35,2026-01-20T01:24:09.616799,normal,,,
TXN_000450,ACC_000022,ACC_000078,5098.85,2026-01-20T02:20:04.616799,normal,,,
TXN_000853,ACC_000032,ACC_000087,7118.77,2026-01-20T02:38:59.616799,normal,,,
TXN_000837,ACC_000027,ACC_000007,7029.26,2026-01-20T02:42:54.616799,normal,,,
TXN_000156,ACC_000063,ACC_000071,7380.9,2026-01-20T04:01:07.616799,normal,,,
TXN_000202,ACC_000044,ACC_000053,9285.39,2026-01-20T04:53:58.616799,normal,,,
TXN_000966,ACC_000030,ACC_000099,5577.0,2026-01-20T04:57:27.616799,normal,,,
TXN_000121,ACC_000001,ACC_000064,7505.41,2026-01-20T06:32:23.616799,normal,,,
TXN_000746,ACC_000060,ACC_000022,890.66,2026-01-20T06:47:45.616799,normal,,,
TXN_000784,ACC_000096,ACC_000037,7990.91,2026-01-20T06:53:45.616799,normal,,,
TXN_000614,ACC_000049,ACC_000079,3419.38,2026-01-20T07:13:44.616799,normal,,,
TXN_000768,ACC_000013,ACC_000004,5914.57,2026-01-20T08:00:42.616799,normal,,,
TXN_000559,ACC_000072,ACC_000057,9576.64,2026-01-20T09:03:40.616799,normal,,,
TXN_000459,ACC_000037,ACC_000090,5092.65,2026-01-20T09:46:53.616799,normal,,,
TXN_000642,ACC_000097,ACC_000055,4247.97,2026-01-20T09:59:42.616799,normal,,,
TXN_000180,ACC_000029,ACC_000079,3668.17,2026-01-20T10:04:39.616799,normal,,,
TXN_000416,ACC_000091,ACC_000008,8415.05,2026-01-20T10:13:49.616799,normal,,,
TXN_000573,ACC_000089,ACC_000000,7569.71,2026-01-20T10:30:53.616799,normal,,,
TXN_000913,ACC_000091,ACC_000021,693.64,2026-01-20T12:01:28.616799,normal,,,
TXN_000485,ACC_000051,ACC_000067,9549.65,2026-01-20T15:10:16.616799,normal,,,
TXN_001012,ACC_000020,ACC_000002,5000.0,2026-01-20T15:48:15.619936,money_laundering,CYCLE_004,,
TXN_000343,ACC_000075,ACC_000099,6733.82,2026-01-20T15:50:50.616799,normal,,,
TXN_000333,ACC_000031,ACC_000000,3276.82,2026-01-20T16:39:34.616799,normal,,,
TXN_001013,ACC_000002,ACC_000090,4750.0,2026-01-20T16:48:15.619936,money_laundering,CYCLE_004,,
TXN_001014,ACC_000090,ACC_000020,4512.5,2026-01-20T17:48:15.619936,money_laundering,CYCLE_004,,
TXN_000011,ACC_000018,ACC_000066,1460.81,2026-01-20T19:08:37.616799,normal,,,
TXN_000313,ACC_000058,ACC_000091,2189.82,2026-01-20T19:24:21.616799,normal,,,
TXN_000490,ACC_000025,ACC_000061,3722.41,2026-01-20T20:14:26.616799,normal,,,
TXN_000755,ACC_000030,ACC_000027,2704.53,2026-01-20T21:57:38.616799,normal,,,
TXN_000679,ACC_000047,ACC_000013,7854.85,2026-01-20T22:39:18.616799,normal,,,
TXN_000352,ACC_000060,ACC_000059,8593.87,2026-01-20T22:44:28.616799,normal,,,
TXN_000237,ACC_000003,ACC_000010,2778.09,2026-01-20T23:56:12.616799,normal,,,
TXN_000239,ACC_000008,ACC_000052,7815.6,2026-01-20T23:58:32.616799,normal,,,
TXN_000501,ACC_000065,ACC_000035,6057.91,2026-01-21T00:14:41.616799,normal,,,
TXN_000791,ACC_000008,ACC_000043,6332.37,2026-01-21T00:25:26.616799,normal,,,
TXN_000149,ACC_000021,ACC_000037,6000.93,2026-01-21T01:18:08.616799,normal,,,
TXN_000623,ACC_000045,ACC_000013,2782.01,2026-01-21T01:29:09.616799,normal,,,
TXN_000252,ACC_000097,ACC_000014,8932.61,2026-01-21T01:36:52.616799,normal,,,
TXN_000370,ACC_000019,ACC_000054,9386.51,2026-01-21T03:30:18.616799,normal,,,
TXN_000808,ACC_000016,ACC_000075,5558.63,2026-01-21T03:37:31.616799,normal,,,
TXN_000236,ACC_000072,ACC_000019,1085.96,2026-01-21T03:40:46.616799,normal,,,
TXN_000338,ACC_000039,ACC_000040,8460.67,2026-01-21T03:49:39.616799,normal,,,
TXN_000187,ACC_000047,ACC_000095,1063.59,2026-01-21T03:51:15.616799,normal,,,
TXN_000829,ACC_000002,ACC_000016,983.44,2026-01-21T04:17:50.616799,normal,,,
TXN_000244,ACC_000096,ACC_000020,969.89,2026-01-21T04:25:45.616799,normal,,,
TXN_000615,ACC_000075,ACC_000008,4995.81,2026-01-21T05:10:05.616799,normal,,,
TXN_000412,ACC_000074,ACC_000094,4004.38,2026-01-21T05:33:45.616799,normal,,,
TXN_000286,ACC_000027,ACC_000041,8192.84,2026-01-21T06:36:01.616799,normal,,,
TXN_000839,ACC_000066,ACC_000073,3432.85,2026-01-21T06:39:10.616799,normal,,,
TXN_000704,ACC_000022,ACC_000033,8904.17,2026-01-21T06:43:42.616799,normal,,,
TXN_000242,ACC_000000,ACC_000099,7200.54,2026-01-21T07:18:36.616799,normal,,,
TXN_000261,ACC_000006,ACC_000079,3750.9,2026-01-21T08:11:10.616799,normal,,,
TXN_000044,ACC_000047,ACC_000083,3320.88,2026-01-21T08:11:49.616799,normal,,,
TXN_000383,ACC_000085,ACC_000023,8969.11,2026-01-21T08:29:32.616799,normal,,,
TXN_000061,ACC_000028,ACC_000071,8015.9,2026-01-21T08:39:13.616799,normal,,,
TXN_000258,ACC_000084,ACC_000043,1106.49,2026-01-21T09:12:17.616799,normal,,,
TXN_000607,ACC_000049,ACC_000075,2870.76,2026-01-21T09:56:33.616799,normal,,,
TXN_000706,ACC_000008,ACC_000013,9191.21,2026-01-21T10:29:51.616799,normal,,,
TXN_000686,ACC_000026,ACC_000020,4585.43,2026-01-21T11:12:03.616799,normal,,,
TXN_000601,ACC_000049,ACC_000051,4308.1,2026-01-21T11:43:20.616799,normal,,,
TXN_000648,ACC_000061,ACC_000035,2912.32,2026-01-21T13:44:18.616799,normal,,,
TXN_000523,ACC_000024,ACC_000017,2788.52,2026-01-21T15:03:36.616799,normal,,,
TXN_000937,ACC_000014,ACC_000050,112.11,2026-01-21T15:09:40.616799,normal,,,
TXN_001015,ACC_000058,ACC_000068,924.15,2026-01-21T15:48:15.620013,smurfing,,SMURF_000,
TXN_000250,ACC_000039,ACC_000055,2171.39,2026-01-21T16:00:10.616799,normal,,,
TXN_000646,ACC_000064,ACC_000039,6720.48,2026-01-21T16:19:45.616799,normal,,,
TXN_001016,ACC_000057,ACC_000068,942.97,2026-01-21T16:48:15.620013,smurfing,,SMURF_000,
TXN_000549,ACC_000058,ACC_000008,7991.86,2026-01-21T17:10:33.616799,normal,,,
TXN_001017,ACC_000099,ACC_000068,935.01,2026-01-21T17:48:15.620013,smurfing,,SMURF_000,
TXN_000500,ACC_000063,ACC_000010,4451.02,2026-01-21T18:04:42.616799,normal,,,
TXN_001018,ACC_000066,ACC_000068,926.71,2026-01-21T18:48:15.620013,smurfing,,SMURF_000,
TXN_000322,ACC_000047,ACC_000085,1091.58,2026-01-21T19:10:24.616799,normal,,,
TXN_001019,ACC_000075,ACC_000068,877.09,2026-01-21T19:48:15.620013,smurfing,,SMURF_000,
TXN_000524,ACC_000040,ACC_000076,3531.79,2026-01-21T19:58:59.616799,normal,,,
TXN_000774,ACC_000011,ACC_000096,6231.49,2026-01-21T20:35:41.616799,normal,,,
TXN_000610,ACC_000010,ACC_000072,2533.22,2026-01-21T20:41:04.616799,normal,,,
TXN_001020,ACC_000036,ACC_000068,914.34,2026-01-21T20:48:15.620013,smurfing,,SMURF_000,
TXN_001021,ACC_000092,ACC_000068,942.97,2026-01-21T21:48:15.620013,smurfing,,SMURF_000,
TXN_000866,ACC_000020,ACC_000043,2034.97,2026-01-21T21:48:36.616799,normal,,,
TXN_001022,ACC_000074,ACC_000068,928.7,2026-01-21T22:48:15.620013,smurfing,,SMURF_000,
TXN_001023,ACC_000062,ACC_000068,922.64,2026-01-21T23:48:15.620013,smurfing,,SMURF_000,
TXN_001024,ACC_000055,ACC_000068,909.17,2026-01-22T00:48:15.620013,smurfing,,SMURF_000,
TXN_000302,ACC_000092,ACC_000054,1194.71,2026-01-22T01:23:09.616799,normal,,,
TXN_000848,ACC_000029,ACC_000003,6557.08,2026-01-22T04:37:03.616799,normal,,,
TXN_000888,ACC_000017,ACC_000072,4779.95,2026-01-22T05:11:45.616799,normal,,,
TXN_000944,ACC_000052,ACC_000040,2491.54,2026-01-22T05:41:05.616799,normal,,,
TXN_000779,ACC_000085,ACC_000082,4222.66,2026-01-22T06:20:19.616799,normal,,,
TXN_000407,ACC_000073,ACC_000093,3344.01,2026-01-22T06:43:48.616799,normal,,,
TXN_000111,ACC_000021,ACC_000004,9993.0,2026-01-22T08:40:04.616799,normal,,,
TXN_000725,ACC_000086,ACC_000001,9485.76,2026-01-22T09:10:09.616799,normal,,,
TXN_000574,ACC_000035,ACC_000099,1744.3,2026-01-22T09:32:24.616799,normal,,,
TXN_000846,ACC_000046,ACC_000001,3294.71,2026-01-22T09:36:11.616799,normal,,,
TXN_000346,ACC_000059,ACC_000016,1465.9,2026-01-22T11:46:42.616799,normal,,,
TXN_000308,ACC_000092,ACC_000019,1831.69,2026-01-22T12:22:55.616799,normal,,,
TXN_000380,ACC_000030,ACC_000016,1583.35,2026-01-22T13:20:15.616799,normal,,,
TXN_000087,ACC_000064,ACC_000082,2427.73,2026-01-22T13:22:59.616799,normal,,,
TXN_000095,ACC_000033,ACC_000024,5179.35,2026-01-22T13:44:34.616799,normal,,,
TXN_000002,ACC_000094,ACC_000023,1237.36,2026-01-22T14:18:22.616799,normal,,,
TXN_001025,ACC_000070,ACC_000007,880.66,2026-01-22T15:48:15.620013,smurfing,,SMURF_001,
TXN_001026,ACC_000000,ACC_000007,894.96,2026-01-22T16:48:15.620013,smurfing,,SMURF_001,
TXN_001027,ACC_000060,ACC_000007,862.33,2026-01-22T17:48:15.620013,smurfing,,SMURF_001,
TXN_000413,ACC_000053,ACC_000067,4941.14,2026-01-22T18:33:33.616799,normal,,,
TXN_001028,ACC_000040,ACC_000007,851.65,2026-01-22T18:48:15.620013,smurfing,,SMURF_001,
TXN_000221,ACC_000030,ACC_000021,2687.36,2026-01-22T19:20:42.616799,normal,,,
TXN_000019,ACC_000074,ACC_000003,189.22,2026-01-22T19:38:13.616799,normal,,,
TXN_001029,ACC_000025,ACC_000007,915.96,2026-01-22T19:48:15.620013,smurfing,,SMURF_001,
TXN_000763,ACC_000090,ACC_000035,4462.64,2026-01-22T20:01:46.616799,normal,,,
TXN_000427,ACC_000053,ACC_000095,8021.35,2026-01-22T20:16:15.616799,normal,,,
TXN_000256,ACC_000022,ACC_000085,7557.14,2026-01-22T20:39:22.616799,normal,,,
TXN_001030,ACC_000081,ACC_000007,856.87,2026-01-22T20:48:15.620013,smurfing,,SMURF_001,
TXN_000348,ACC_000038,ACC_000090,1447.81,2026-01-22T21:28:58.616799,normal,,,
TXN_001031,ACC_000021,ACC_000007,946.81,2026-01-22T21:48:15.620013,smurfing,,SMURF_001,
TXN_000964,ACC_000004,ACC_000000,2556.55,2026-01-22T22:28:00.616799,normal,,,
TXN_000377,ACC_000056,ACC_000008,3536.64,2026-01-22T22:42:01.616799,normal,,,
TXN_001032,ACC_000079,ACC_000007,916.33,2026-01-22T22:48:15.620013,smurfing,,SMURF_001,
TXN_000594,ACC_000070,ACC_000058,2906.46,2026-01-22T23:25:54.616799,normal,,,
TXN_001033,ACC_000038,ACC_000007,895.44,2026-01-22T23:48:15.620013,smurfing,,SMURF_001,
TXN_000090,ACC_000060,ACC_000087,5426.24,2026-01-23T00:18:42.616799,normal,,,
TXN_001034,ACC_000080,ACC_000007,943.96,2026-01-23T00:48:15.620013,smurfing,,SMURF_001,
TXN_000072,ACC_000087,ACC_000085,4347.31,2026-01-23T00:53:50.616799,normal,,,
TXN_000557,ACC_000054,ACC_000012,4038.95,2026-01-23T01:54:15.616799,normal,,,
TXN_000373,ACC_000026,ACC_000071,7374.45,2026-01-23T02:24:36.616799,normal,,,
TXN_000195,ACC_000039,ACC_000093,6167.5,2026-01-23T02:50:10.616799,normal,,,
TXN_000120,ACC_000010,ACC_000071,7847.32,2026-01-23T03:30:54.616799,normal,,,
TXN_000420,ACC_000007,ACC_000084,9661.39,2026-01-23T04:01:00.616799,normal,,,
TXN_000134,ACC_000098,ACC_000008,1063.06,2026-01-23T04:43:57.616799,normal,,,
TXN_000629,ACC_000009,ACC_000057,3724.65,2026-01-23T04:53:21.616799,normal,,,
TXN_000384,ACC_000055,ACC_000087,1045.68,2026-01-23T06:20:50.616799,normal,,,
TXN_000680,ACC_000087,ACC_000086,4216.06,2026-01-23T06:53:31.616799,normal,,,
TXN_000530,ACC_000041,ACC_000093,8629.81,2026-01-23T07:57:53.616799,normal,,,
TXN_000579,ACC_000099,ACC_000028,9698.18,2026-01-23T08:53:58.616799,normal,,,
TXN_000975,ACC_000093,ACC_000049,3353.16,2026-01-23T09:06:28.616799,normal,,,
TXN_000842,ACC_000077,ACC_000022,5801.32,2026-01-23T10:08:22.616799,normal,,,
TXN_000145,ACC_000007,ACC_000093,527.98,2026-01-23T10:23:39.616799,normal,,,
TXN_000186,ACC_000021,ACC_000027,640.08,2026-01-23T11:35:20.616799,normal,,,
TXN_000690,ACC_000097,ACC_000001,2336.54,2026-01-23T11:56:07.616799,normal,,,
TXN_000923,ACC_000026,ACC_000067,1752.83,2026-01-23T12:27:59.616799,normal,,,
TXN_000676,ACC_000053,ACC_000091,7846.16,2026-01-23T13:22:12.616799,normal,,,
TXN_000509,ACC_000058,ACC_000001,4444.9,2026-01-23T13:37:45.616799,normal,,,
TXN_001035,ACC_000035,ACC_000036,884.9,2026-01-23T15:48:15.620013,smurfing,,SMURF_002,
TXN_000722,ACC_000025,ACC_000011,631.7,2026-01-23T16:34:45.616799,normal,,,
TXN_001036,ACC_000028,ACC_000036,884.13,2026-01-23T16:48:15.620013,smurfing,,SMURF_002,
TXN_000591,ACC_000098,ACC_000088,9868.59,2026-01-23T17:42:59.616799,normal,,,
TXN_001037,ACC_000091,ACC_000036,918.89,2026-01-23T17:48:15.620013,smurfing,,SMURF_002,
TXN_000870,ACC_000076,ACC_000096,2421.49,2026-01-23T18:09:12.616799,normal,,,
TXN_000369,ACC_000050,ACC_000009,8378.31,2026-01-23T18:43:43.616799,normal,,,
TXN_001038,ACC_000087,ACC_000036,943.61,2026-01-23T18:48:15.620013,smurfing,,SMURF_002,
TXN_000611,ACC_000027,ACC_000025,5217.49,2026-01-23T18:57:18.616799,normal,,,
TXN_000845,ACC_000035,ACC_000048,7038.19,2026-01-23T19:08:46.616799,normal,,,
TXN_000546,ACC_000048,ACC_000074,9784.45,2026-01-23T19:17:34.616799,normal,,,
TXN_001039,ACC_000012,ACC_000036,947.48,2026-01-23T19:48:15.620013,smurfing,,SMURF_002,
TXN_001040,ACC_000010,ACC_000036,863.56,2026-01-23T20:48:15.620013,smurfing,,SMURF_002,
TXN_000810,ACC_000048,ACC_000083,3900.35,2026-01-23T20:57:04.616799,normal,,,
TXN_000463,ACC_000003,ACC_000022,8090.79,2026-01-23T21:18:34.616799,normal,,,
TXN_000401,ACC_000054,ACC_000095,2404.34,2026-01-23T21:21:22.616799,normal,,,
TXN_001041,ACC_000050,ACC_000036,911.8,2026-01-23T21:48:15.620013,smurfing,,SMURF_002,
TXN_000878,ACC_000026,ACC_000097,4159.81,2026-01-23T22:00:07.616799,normal,,,
TXN_000678,ACC_000045,ACC_000099,2970.1,2026-01-23T22:44:45.616799,normal,,,
TXN_001042,ACC_000006,ACC_000036,927.78,2026-01-23T22:48:15.620013,smurfing,,SMURF_002,
TXN_000729,ACC_000045,ACC_000010,2188.49,2026-01-23T23:30:44.616799,normal,,,
TXN_001043,ACC_000095,ACC_000036,930.4,2026-01-23T23:48:15.620013,smurfing,,SMURF_002,
TXN_000260,ACC_000015,ACC_000047,3857.9,2026-01-24T00:02:54.616799,normal,,,
TXN_001044,ACC_000018,ACC_000036,897.53,2026-01-24T00:48:15.620013,smurfing,,SMURF_002,
TXN_000404,ACC_000048,ACC_000052,344.73,2026-01-24T01:51:34.616799,normal,,,
TXN_000046,ACC_000008,ACC_000024,6976.61,2026-01-24T05:06:14.616799,normal,,,
TXN_000685,ACC_000043,ACC_000019,3935.57,2026-01-24T06:16:10.616799,normal,,,
TXN_000998,ACC_000050,ACC_000076,7079.54,2026-01-24T06:35:27.616799,normal,,,
TXN_000469,ACC_000047,ACC_000069,1876.81,2026-01-24T06:52:25.616799,normal,,,
TXN_000027,ACC_000023,ACC_000049,917.17,2026-01-24T08:13:24.616799,normal,,,
TXN_000078,ACC_000014,ACC_000098,3940.12,2026-01-24T08:14:40.616799,normal,,,
TXN_000752,ACC_000054,ACC_000030,2384.61,2026-01-24T10:03:24.616799,normal,,,
TXN_000151,ACC_000052,ACC_000046,2834.66,2026-01-24T11:00:54.616799,normal,,,
TXN_000999,ACC_000076,ACC_000092,3285.78,2026-01-24T11:20:39.616799,normal,,,
TXN_000847,ACC_000004,ACC_000084,6552.2,2026-01-24T11:24:56.616799,normal,,,
TXN_000904,ACC_000001,ACC_000094,1251.41,2026-01-24T11:36:10.616799,normal,,,
TXN_000048,ACC_000092,ACC_000036,5883.67,2026-01-24T12:16:51.616799,normal,,,
TXN_000014,ACC_000005,ACC_000024,8603.02,2026-01-24T12:40:10.616799,normal,,,
TXN_000439,ACC_000078,ACC_000009,5087.43,2026-01-24T12:55:24.616799,normal,,,
TXN_000726,ACC_000004,ACC_000024,9069.8,2026-01-24T13:15:02.616799,normal,,,
TXN_000022,ACC_000018,ACC_000053,8735.43,2026-01-24T14:14:58.616799,normal,,,
TXN_000433,ACC_000034,ACC_000061,8236.92,2026-01-24T14:21:43.616799,normal,,,
TXN_000569,ACC_000015,ACC_000021,5486.49,2026-01-24T16:11:37.616799,normal,,,
TXN_000544,ACC_000056,ACC_000030,1314.18,2026-01-24T16:32:27.616799,normal,,,
TXN_000076,ACC_000094,ACC_000009,3191.91,2026-01-24T17:06:41.616799,normal,,,
TXN_000694,ACC_000044,ACC_000036,8696.6,2026-01-24T17:58:51.616799,normal,,,
TXN_000224,ACC_000026,ACC_000066,9980.85,2026-01-24T18:05:51.616799,normal,,,
TXN_000806,ACC_000012,ACC_000063,3473.46,2026-01-24T18:36:44.616799,normal,,,
TXN_000299,ACC_000057,ACC_000016,6611.84,2026-01-24T19:04:46.616799,normal,,,
TXN_000653,ACC_000079,ACC_000042,396.67,2026-01-24T19:59:27.616799,normal,,,
TXN_000058,ACC_000021,ACC_000001,8304.43,2026-01-24T20:56:26.616799,normal,,,
TXN_000141,ACC_000079,ACC_000085,9571.17,2026-01-24T21:02:43.616799,normal,,,
TXN_000814,ACC_000057,ACC_000048,4045.44,2026-01-24T22:13:07.616799,normal,,,
TXN_000952,ACC_000086,ACC_000026,3779.39,2026-01-24T22:33:26.616799,normal,,,
TXN_000015,ACC_000065,ACC_000042,6205.61,2026-01-24T23:35:12.616799,normal,,,
TXN_000578,ACC_000004,ACC_000036,2550.55,2026-01-24T23:50:00.616799,normal,,,
TXN_000649,ACC_000036,ACC_000017,1492.54,2026-01-25T00:25:33.616799,normal,,,
TXN_000527,ACC_000035,ACC_000044,6897.16,2026-01-25T00:48:44.616799,normal,,,
TXN_000133,ACC_000042,ACC_000075,8713.72,2026-01-25T00:49:37.616799,normal,,,
TXN_000785,ACC_000081,ACC_000048,119.23,2026-01-25T01:42:18.616799,normal,,,
TXN_000455,ACC_000007,ACC_000064,891.95,2026-01-25T02:01:49.616799,normal,,,
TXN_000862,ACC_000027,ACC_000086,3265.53,2026-01-25T02:40:40.616799,normal,,,
TXN_000525,ACC_000085,ACC_000022,9858.01,2026-01-25T04:51:00.616799,normal,,,
TXN_000135,ACC_000008,ACC_000065,8836.26,2026-01-25T05:35:15.616799,normal,,,
TXN_000415,ACC_000085,ACC_000081,8880.34,2026-01-25T05:36:41.616799,normal,,,
TXN_000811,ACC_000090,ACC_000050,619.49,2026-01-25T06:39:51.616799,normal,,,
TXN_000873,ACC_000027,ACC_000021,893.53,2026-01-25T06:48:47.616799,normal,,,
TXN_000409,ACC_000036,ACC_000004,1280.01,2026-01-25T09:02:38.616799,normal,,,
TXN_000838,ACC_000009,ACC_000039,6781.56,2026-01-25T09:07:26.616799,normal,,,
TXN_000631,ACC_000072,ACC_000004,2698.68,2026-01-25T09:07:54.616799,normal,,,
TXN_000395,ACC_000016,ACC_000078,5386.83,2026-01-25T09:20:39.616799,normal,,,
TXN_000026,ACC_000031,ACC_000038,8419.7,2026-01-25T10:59:52.616799,normal,,,
TXN_000658,ACC_000059,ACC_000095,4494.79,2026-01-25T11:18:36.616799,normal,,,
TXN_000103,ACC_000063,ACC_000075,4951.58,2026-01-25T13:17:10.616799,normal,,,
TXN_000618,ACC_000026,ACC_000099,2802.61,2026-01-25T13:40:11.616799,normal,,,
TXN_000743,ACC_000003,ACC_000004,3493.56,2026-01-25T13:55:32.616799,normal,,,
TXN_000422,ACC_000086,ACC_000063,7899.64,2026-01-25T14:07:05.616799,normal,,,
TXN_000119,ACC_000036,ACC_000025,1606.37,2026-01-25T14:21:26.616799,normal,,,
TXN_000419,ACC_000001,ACC_000039,7977.59,2026-01-25T15:08:26.616799,normal,,,
TXN_000163,ACC_000047,ACC_000075,3284.36,2026-01-25T15:09:59.616799,normal,,,
TXN_000230,ACC_000057,ACC_000075,1271.59,2026-01-25T15:28:44.616799,normal,,,
TXN_000406,ACC_000013,ACC_000092,2464.61,2026-01-25T15:43:58.616799,normal,,,
TXN_000396,ACC_000097,ACC_000016,3758.16,2026-01-25T16:06:30.616799,normal,,,
TXN_000052,ACC_000033,ACC_000025,7414.13,2026-01-25T16:30:13.616799,normal,,,
TXN_000714,ACC_000025,ACC_000097,4003.83,2026-01-25T16:59:02.616799,normal,,,
TXN_000777,ACC_000035,ACC_000064,8750.64,2026-01-25T17:46:19.616799,normal,,,
TXN_000388,ACC_000035,ACC_000058,1180.73,2026-01-25T18:30:55.616799,normal,,,
TXN_000307,ACC_000057,ACC_000037,5876.7,2026-01-25T18:39:28.616799,normal,,,
TXN_000734,ACC_000067,ACC_000081,9915.32,2026-01-25T18:48:47.616799,normal,,,
TXN_000197,ACC_000067,ACC_000091,7731.84,2026-01-25T19:17:47.616799,normal,,,
TXN_000155,ACC_000059,ACC_000055,212.85,2026-01-25T19:25:59.616799,normal,,,
TXN_000737,ACC_000026,ACC_000079,8759.16,2026-01-25T20:05:47.616799,normal,,,
TXN_000699,ACC_000063,ACC_000036,4964.54,2026-01-25T20:35:03.616799,normal,,,
TXN_000289,ACC_000098,ACC_000081,750.41,2026-01-25T20:40:07.616799,normal,,,
TXN_000948,ACC_000073,ACC_000011,2952.1,2026-01-25T22:06:01.616799,normal,,,
TXN_000632,ACC_000017,ACC_000036,3948.74,2026-01-25T22:38:22.616799,normal,,,
TXN_000555,ACC_000035,ACC_000021,2685.91,2026-01-25T23:03:07.616799,normal,,,
TXN_000441,ACC_000021,ACC_000082,155.27,2026-01-25T23:19:06.616799,normal,,,
TXN_000025,ACC_000083,ACC_000077,4419.43,2026-01-25T23:40:55.616799,normal,,,
TXN_000603,ACC_000010,ACC_000020,7082.9,2026-01-25T23:49:26.616799,normal,,,
TXN_000449,ACC_000085,ACC_000067,721.66,2026-01-26T00:34:39.616799,normal,,,
TXN_000164,ACC_000049,ACC_000090,8321.89,2026-01-26T00:35:43.616799,normal,,,
TXN_000083,ACC_000066,ACC_000095,4114.07,2026-01-26T03:11:32.616799,normal,,,
TXN_000225,ACC_000024,ACC_000093,9029.4,2026-01-26T04:34:29.616799,normal,,,
TXN_000372,ACC_000010,ACC_000082,6602.73,2026-01-26T05:22:47.616799,normal,,,
TXN_000297,ACC_000022,ACC_000042,6678.72,2026-01-26T06:14:01.616799,normal,,,
TXN_000074,ACC_000087,ACC_000069,133.98,2026-01-26T06:21:14.616799,normal,,,
TXN_000935,ACC_000055,ACC_000009,4489.09,2026-01-26T06:34:07.616799,normal,,,
TXN_000089,ACC_000068,ACC_000072,5841.3,2026-01-26T07:05:25.616799,normal,,,
TXN_000708,ACC_000003,ACC_000051,8653.01,2026-01-26T07:46:42.616799,normal,,,
TXN_000738,ACC_000019,ACC_000086,3705.88,2026-01-26T08:22:57.616799,normal,,,
TXN_000534,ACC_000086,ACC_000030,5635.88,2026-01-26T08:50:14.616799,normal,,,
TXN_000884,ACC_000042,ACC_000063,5192.69,2026-01-26T09:11:59.616799,normal,,,
TXN_000042,ACC_000052,ACC_000050,5360.54,2026-01-26T10:15:00.616799,normal,,,
TXN_000518,ACC_000005,ACC_000040,3486.01,2026-01-26T10:53:24.616799,normal,,,
TXN_000166,ACC_000065,ACC_000088,4722.64,2026-01-26T11:14:01.616799,normal,,,
TXN_000816,ACC_000080,ACC_000034,9972.05,2026-01-26T11:50:42.616799,normal,,,
TXN_000994,ACC_000084,ACC_000041,4019.79,2026-01-26T12:06:25.616799,normal,,,
TXN_000739,ACC_000007,ACC_000073,3011.68,2026-01-26T12:18:40.616799,normal,,,
TXN_000318,ACC_000002,ACC_000057,4600.03,2026-01-26T12:45:42.616799,normal,,,
TXN_000245,ACC_000021,ACC_000088,2784.32,2026-01-26T13:16:36.616799,normal,,,
TXN_000248,ACC_000070,ACC_000014,4277.6,2026-01-26T13:35:03.616799,normal,,,
TXN_001045,ACC_000073,ACC_000006,55614.84,2026-01-26T15:48:15.620136,network_anomaly,,,ANOMALY_000
TXN_000882,ACC_000003,ACC_000011,1840.35,2026-01-26T15:49:59.616799,normal,,,
TXN_000827,ACC_000022,ACC_000098,271.51,2026-01-26T16:04:18.616799,normal,,,
TXN_001046,ACC_000006,ACC_000096,37955.31,2026-01-26T16:48:15.620136,network_anomaly,,,ANOMALY_000
TXN_001047,ACC_000089,ACC_000006,93851.02,2026-01-26T17:48:15.620136,network_anomaly,,,ANOMALY_000
TXN_000796,ACC_000050,ACC_000027,4455.44,2026-01-26T18:09:41.616799,normal,,,
TXN_000216,ACC_000090,ACC_000026,1392.56,2026-01-26T18:15:32.616799,normal,,,
TXN_001048,ACC_000006,ACC_000079,79349.24,2026-01-26T18:48:15.620136,network_anomaly,,,ANOMALY_000
TXN_000041,ACC_000079,ACC_000093,5961.77,2026-01-26T18:58:42.616799,normal,,,
TXN_001049,ACC_000021,ACC_000006,92113.44,2026-01-26T19:48:15.620136,network_anomaly,,,ANOMALY_000
TXN_001050,ACC_000006,ACC_000057,52036.91,2026-01-26T20:48:15.620136,network_anomaly,,,ANOMALY_000
TXN_000662,ACC_000064,ACC_000023,1846.58,2026-01-26T21:35:51.616799,normal,,,
TXN_001051,ACC_000097,ACC_000006,25090.99,2026-01-26T21:48:15.620136,network_anomaly,,,ANOMALY_000
TXN_000323,ACC_000089,ACC_000033,3715.35,2026-01-26T21:54:46.616799,normal,,,
TXN_000855,ACC_000032,ACC_000075,9959.68,2026-01-26T22:28:52.616799,normal,,,
TXN_001052,ACC_000006,ACC_000092,45677.88,2026-01-26T22:48:15.620136,network_anomaly,,,ANOMALY_000
TXN_000895,ACC_000011,ACC_000005,4301.75,2026-01-26T23:42:32.616799,normal,,,
TXN_001053,ACC_000043,ACC_000006,80374.16,2026-01-26T23:48:15.620136,network_anomaly,,,ANOMALY_000
TXN_000988,ACC_000024,ACC_000095,6032.32,2026-01-26T23:52:53.616799,normal,,,
TXN_000849,ACC_000047,ACC_000093,8081.8,2026-01-27T00:16:53.616799,normal,,,
TXN_001054,ACC_000006,ACC_000002,71226.79,2026-01-27T00:48:15.620136,network_anomaly,,,ANOMALY_000
TXN_000692,ACC_000047,ACC_000029,8820.59,2026-01-27T01:30:17.616799,normal,,,
TXN_001055,ACC_000093,ACC_000006,27763.85,2026-01-27T01:48:15.620136,network_anomaly,,,ANOMALY_000
TXN_000445,ACC_000031,ACC_000089,5923.29,2026-01-27T02:11:53.616799,normal,,,
TXN_000803,ACC_000026,ACC_000041,8548.86,2026-01-27T02:22:24.616799,normal,,,
TXN_001056,ACC_000006,ACC_000031,77418.68,2026-01-27T02:48:15.620136,network_anomaly,,,ANOMALY_000
TXN_000572,ACC_000090,ACC_000074,2527.75,2026-01-27T03:18:49.616799,normal,,,
TXN_001057,ACC_000051,ACC_000006,76539.75,2026-01-27T03:48:15.620136,network_anomaly,,,ANOMALY_000
TXN_000812,ACC_000068,ACC_000075,7670.4,2026-01-27T04:46:36.616799,normal,,,
TXN_001058,ACC_000006,ACC_000072,76243.41,2026-01-27T04:48:15.620136,network_anomaly,,,ANOMALY_000
TXN_000486,ACC_000059,ACC_000072,3326.77,2026-01-27T05:23:56.616799,normal,,,
TXN_001059,ACC_000024,ACC_000006,28644.34,2026-01-27T05:48:15.620136,network_anomaly,,,ANOMALY_000
TXN_000311,ACC_000032,ACC_000019,3893.45,2026-01-27T05:52:23.616799,normal,,,
TXN_000057,ACC_000019,ACC_000093,8202.75,2026-01-27T06:11:34.616799,normal,,,
TXN_001060,ACC_000006,ACC_000056,67269.89,2026-01-27T06:48:15.620136,network_anomaly,,,ANOMALY_000
TXN_000006,ACC_000011,ACC_000002,7923.28,2026-01-27T07:13:14.616799,normal,,,
TXN_001061,ACC_000077,ACC_000006,56326.36,2026-01-27T07:48:15.620136,network_anomaly,,,ANOMALY_000
TXN_000766,ACC_000050,ACC_000039,6341.26,2026-01-27T08:21:34.616799,normal,,,
TXN_001062,ACC_000006,ACC_000053,49479.05,2026-01-27T08:48:15.620136,network_anomaly,,,ANOMALY_000
TXN_000506,ACC_000002,ACC_000016,4394.07,2026-01-27T08:51:28.616799,normal,,,
TXN_001063,ACC_000057,ACC_000006,85164.67,2026-01-27T09:48:15.620136,network_anomaly,,,ANOMALY_000
TXN_000243,ACC_000014,ACC_000023,6452.31,2026-01-27T09:50:15.616799,normal,,,
TXN_000955,ACC_000040,ACC_000028,8164.04,2026-01-27T10:11:43.616799,normal,,,
TXN_001064,ACC_000006,ACC_000075,36343.41,2026-01-27T10:48:15.620136,network_anomaly,,,ANOMALY_000
TXN_000553,ACC_000025,ACC_000077,9873.65,2026-01-27T10:52:42.616799,normal,,,
TXN_001065,ACC_000092,ACC_000006,53257.21,2026-01-27T11:48:15.620136,network_anomaly,,,ANOMALY_000
TXN_000453,ACC_000076,ACC_000088,4756.69,2026-01-27T12:34:21.616799,normal,,,
TXN_001066,ACC_000006,ACC_000059,82016.95,2026-01-27T12:48:15.620136,network_anomaly,,,ANOMALY_000
TXN_000681,ACC_000023,ACC_000048,6983.0,2026-01-27T13:20:02.616799,normal,,,
TXN_000075,ACC_000060,ACC_000063,5926.6,2026-01-27T13:45:01.616799,normal,,,
TXN_001067,ACC_000018,ACC_000006,92261.51,2026-01-27T13:48:15.620136,network_anomaly,,,ANOMALY_000
TXN_000265,ACC_000006,ACC_000056,2076.43,2026-01-27T14:40:21.616799,normal,,,
TXN_000283,ACC_000076,ACC_000092,8072.26,2026-01-27T14:44:19.616799,normal,,,
TXN_001068,ACC_000006,ACC_000019,57325.45,2026-01-27T14:48:15.620136,network_anomaly,,,ANOMALY_000
TXN_000157,ACC_000056,ACC_000045,6272.28,2026-01-27T15:23:18.616799,normal,,,
TXN_000688,ACC_000024,ACC_000020,7049.8,2026-01-27T15:32:14.616799,normal,,,
TXN_000997,ACC_000093,ACC_000006,512.52,2026-01-27T15:38:43.616799,normal,,,
TXN_001069,ACC_000090,ACC_000006,65860.63,2026-01-27T15:48:15.620136,network_anomaly,,,ANOMALY_000
TXN_001079,ACC_000052,ACC_000058,29243.92,2026-01-27T15:48:15.620136,network_anomaly,,,ANOMALY_001
TXN_000287,ACC_000082,ACC_000006,5539.5,2026-01-27T16:08:36.616799,normal,,,
TXN_000693,ACC_000038,ACC_000065,3587.09,2026-01-27T16:29:27.616799,normal,,,
TXN_001070,ACC_000006,ACC_000070,75160.05,2026-01-27T16:48:15.620136,network_anomaly,,,ANOMALY_000
TXN_001080,ACC_000058,ACC_000070,50430.2,2026-01-27T16:48:15.620136,network_anomaly,,,ANOMALY_001
TXN_001071,ACC_000058,ACC_000006,71985.38,2026-01-27T17:48:15.620136,network_anomaly,,,ANOMALY_000
TXN_001081,ACC_000099,ACC_000058,63837.48,2026-01-27T17:48:15.620136,network_anomaly,,,ANOMALY_001
TXN_001072,ACC_000006,ACC_000052,75153.82,2026-01-27T18:48:15.620136,network_anomaly,,,ANOMALY_000
TXN_001082,ACC_000058,ACC_000040,82613.76,2026-01-27T18:48:15.620136,network_anomaly,,,ANOMALY_001
TXN_000368,ACC_000077,ACC_000024,9213.98,2026-01-27T19:07:06.616799,normal,,,
TXN_001073,ACC_000057,ACC_000006,51663.76,2026-01-27T19:48:15.620136,network_anomaly,,,ANOMALY_000
TXN_001083,ACC_000004,ACC_000058,41274.32,2026-01-27T19:48:15.620136,network_anomaly,,,ANOMALY_001
TXN_000199,ACC_000018,ACC_000006,551.5,2026-01-27T19:55:44.616799,normal,,,
TXN_001074,ACC_000006,ACC_000083,38192.0,2026-01-27T20:48:15.620136,network_anomaly,,,ANOMALY_000
TXN_001084,ACC_000058,ACC_000045,33030.31,2026-01-27T20:48:15.620136,network_anomaly,,,ANOMALY_001
TXN_000807,ACC_000021,ACC_000023,1826.81,2026-01-27T20:52:50.616799,normal,,,
TXN_000892,ACC_000054,ACC_000030,5904.01,2026-01-27T21:42:16.616799,normal,,,
TXN_001075,ACC_000056,ACC_000006,66126.59,2026-01-27T21:48:15.620136,network_anomaly,,,ANOMALY_000
TXN_001085,ACC_000036,ACC_000058,34065.9,2026-01-27T21:48:15.620136,network_anomaly,,,ANOMALY_001
TXN_000834,ACC_000001,ACC_000093,5169.03,2026-01-27T22:22:06.616799,normal,,,
TXN_001076,ACC_000006,ACC_000036,31496.86,2026-01-27T22:48:15.620136,network_anomaly,,,ANOMALY_000
TXN_001086,ACC_000058,ACC_000067,78243.46,2026-01-27T22:48:15.620136,network_anomaly,,,ANOMALY_001
TXN_001077,ACC_000019,ACC_000006,82241.84,2026-01-27T23:48:15.620136,network_anomaly,,,ANOMALY_000
TXN_001087,ACC_000031,ACC_000058,88963.15,2026-01-27T23:48:15.620136,network_anomaly,,,ANOMALY_001
TXN_000581,ACC_000064,ACC_000009,1681.93,2026-01-27T23:51:42.616799,normal,,,
TXN_001078,ACC_000006,ACC_000098,64685.86,2026-01-28T00:48:15.620136,network_anomaly,,,ANOMALY_000
TXN_001088,ACC_000058,ACC_000061,39891.93,2026-01-28T00:48:15.620136,network_anomaly,,,ANOMALY_001
TXN_001089,ACC_000070,ACC_000058,71960.42,2026-01-28T01:48:15.620136,network_anomaly,,,ANOMALY_001
TXN_000142,ACC_000039,ACC_000047,7062.81,2026-01-28T02:16:04.616799,normal,,,
TXN_001090,ACC_000058,ACC_000001,78067.03,2026-01-28T02:48:15.620136,network_anomaly,,,ANOMALY_001
TXN_000477,ACC_000079,ACC_000001,8541.48,2026-01-28T03:15:21.616799,normal,,,
TXN_000410,ACC_000009,ACC_000083,6345.8,2026-01-28T03:39:07.616799,normal,,,
TXN_001091,ACC_000084,ACC_000058,84443.77,2026-01-28T03:48:15.620136,network_anomaly,,,ANOMALY_001
TXN_000538,ACC_000035,ACC_000019,5549.03,2026-01-28T04:40:01.616799,normal,,,
TXN_001092,ACC_000058,ACC_000042,53377.91,2026-01-28T04:48:15.620136,network_anomaly,,,ANOMALY_001
TXN_000315,ACC_000056,ACC_000020,3346.4,2026-01-28T05:29:02.616799,normal,,,
TXN_001093,ACC_000092,ACC_000058,55076.07,2026-01-28T05:48:15.620136,network_anomaly,,,ANOMALY_001
TXN_000764,ACC_000024,ACC_000019,6451.04,2026-01-28T05:55:57.616799,normal,,,
TXN_000850,ACC_000029,ACC_000027,7635.86,2026-01-28T06:11:23.616799,normal,,,
TXN_000901,ACC_000066,ACC_000057,1206.61,2026-01-28T06:15:34.616799,normal,,,
TXN_001094,ACC_000058,ACC_000099,84788.14,2026-01-28T06:48:15.620136,network_anomaly,,,ANOMALY_001
TXN_000589,ACC_000022,ACC_000092,822.9,2026-01-28T07:15:31.616799,normal,,,
TXN_000728,ACC_000037,ACC_000047,2738.34,2026-01-28T07:29:22.616799,normal,,,
TXN_000185,ACC_000018,ACC_000065,2082.02,2026-01-28T07:43:03.616799,normal,,,
TXN_001095,ACC_000001,ACC_000058,65981.7,2026-01-28T07:48:15.620136,network_anomaly,,,ANOMALY_001
TXN_000007,ACC_000036,ACC_000024,5002.18,2026-01-28T07:58:12.616799,normal,,,
TXN_000312,ACC_000071,ACC_000078,126.94,2026-01-28T08:34:52.616799,normal,,,
TXN_001096,ACC_000058,ACC_000071,84220.39,2026-01-28T08:48:15.620136,network_anomaly,,,ANOMALY_001
TXN_001097,ACC_000039,ACC_000058,32841.78,2026-01-28T09:48:15.620136,network_anomaly,,,ANOMALY_001
TXN_000799,ACC_000030,ACC_000088,7766.05,2026-01-28T10:23:51.616799,normal,,,
TXN_001098,ACC_000058,ACC_000050,99142.31,2026-01-28T10:48:15.620136,network_anomaly,,,ANOMALY_001
TXN_001099,ACC_000002,ACC_000058,83940.8,2026-01-28T11:48:15.620136,network_anomaly,,,ANOMALY_001
TXN_000279,ACC_000002,ACC_000078,366.85,2026-01-28T12:23:10.616799,normal,,,
TXN_000109,ACC_000050,ACC_000060,7302.12,2026-01-28T12:42:47.616799,normal,,,
TXN_001100,ACC_000058,ACC_000049,43632.91,2026-01-28T12:48:15.620136,network_anomaly,,,ANOMALY_001
TXN_001101,ACC_000047,ACC_000058,29958.02,2026-01-28T13:48:15.620136,network_anomaly,,,ANOMALY_001
TXN_001102,ACC_000058,ACC_000074,91520.38,2026-01-28T14:48:15.620136,network_anomaly,,,ANOMALY_001
TXN_000980,ACC_000084,ACC_000072,9016.03,2026-01-28T14:56:49.616799,normal,,,
TXN_000635,ACC_000006,ACC_000071,9640.91,2026-01-28T15:39:02.616799,normal,,,
TXN_001103,ACC_000036,ACC_000058,90660.39,2026-01-28T15:48:15.620136,network_anomaly,,,ANOMALY_001
TXN_001112,ACC_000077,ACC_000036,66463.09,2026-01-28T15:48:15.620136,network_anomaly,,,ANOMALY_002
TXN_000013,ACC_000032,ACC_000014,7537.51,2026-01-28T15:53:52.616799,normal,,,
TXN_000602,ACC_000073,ACC_000011,5595.83,2026-01-28T16:21:34.616799,normal,,,
TXN_000712,ACC_000038,ACC_000073,1121.64,2026-01-28T16:33:57.616799,normal,,,
TXN_001104,ACC_000058,ACC_000078,32818.38,2026-01-28T16:48:15.620136,network_anomaly,,,ANOMALY_001
TXN_001113,ACC_000036,ACC_000075,70630.22,2026-01-28T16:48:15.620136,network_anomaly,,,ANOMALY_002
TXN_000440,ACC_000029,ACC_000005,4235.05,2026-01-28T16:52:53.616799,normal,,,
TXN_000628,ACC_000094,ACC_000008,2667.31,2026-01-28T17:21:57.616799,normal,,,
TXN_000092,ACC_000016,ACC_000060,6283.01,2026-01-28T17:32:12.616799,normal,,,
TXN_000804,ACC_000003,ACC_000076,4612.78,2026-01-28T17:41:43.616799,normal,,,
TXN_001105,ACC_000004,ACC_000058,90879.3,2026-01-28T17:48:15.620136,network_anomaly,,,ANOMALY_001
TXN_001114,ACC_000046,ACC_000036,30262.49,2026-01-28T17:48:15.620136,network_anomaly,,,ANOMALY_002
TXN_000881,ACC_000026,ACC_000059,691.25,2026-01-28T18:03:27.616799,normal,,,
TXN_001106,ACC_000058,ACC_000020,47744.7,2026-01-28T18:48:15.620136,network_anomaly,,,ANOMALY_001
TXN_001115,ACC_000036,ACC_000061,72638.36,2026-01-28T18:48:15.620136,network_anomaly,,,ANOMALY_002
TXN_000938,ACC_000030,ACC_000039,1865.85,2026-01-28T18:59:11.616799,normal,,,
TXN_000148,ACC_000014,ACC_000036,3456.98,2026-01-28T19:34:59.616799,normal,,,
TXN_001107,ACC_000020,ACC_000058,43874.86,2026-01-28T19:48:15.620136,network_anomaly,,,ANOMALY_001
TXN_001116,ACC_000005,ACC_000036,39042.05,2026-01-28T19:48:15.620136,network_anomaly,,,ANOMALY_002
TXN_000769,ACC_000026,ACC_000087,3821.97,2026-01-28T20:44:51.616799,normal,,,
TXN_001108,ACC_000058,ACC_000056,75674.88,2026-01-28T20:48:15.620136,network_anomaly,,,ANOMALY_001
TXN_001117,ACC_000036,ACC_000076,31407.22,2026-01-28T20:48:15.620136,network_anomaly,,,ANOMALY_002
TXN_000379,ACC_000021,ACC_000006,8211.0,2026-01-28T20:54:53.616799,normal,,,
TXN_000310,ACC_000028,ACC_000027,8532.11,2026-01-28T21:30:39.616799,normal,,,
TXN_001109,ACC_000043,ACC_000058,67006.26,2026-01-28T21:48:15.620136,network_anomaly,,,ANOMALY_001
TXN_001118,ACC_000006,ACC_000036,73214.6,2026-01-28T21:48:15.620136,network_anomaly,,,ANOMALY_002
TXN_000425,ACC_000068,ACC_000015,470.55,2026-01-28T22:28:24.616799,normal,,,
TXN_001110,ACC_000058,ACC_000092,68380.05,2026-01-28T22:48:15.620136,network_anomaly,,,ANOMALY_001
TXN_001119,ACC_000036,ACC_000018,85577.62,2026-01-28T22:48:15.620136,network_anomaly,,,ANOMALY_002
TXN_000432,ACC_000066,ACC_000004,347.66,2026-01-28T22:56:34.616799,normal,,,
TXN_000269,ACC_000018,ACC_000027,4724.99,2026-01-28T23:14:32.616799,normal,,,
TXN_000556,ACC_000093,ACC_000070,7593.53,2026-01-28T23:33:17.616799,normal,,,
TXN_001111,ACC_000014,ACC_000058,34518.0,2026-01-28T23:48:15.620136,network_anomaly,,,ANOMALY_001
TXN_001120,ACC_000079,ACC_000036,41762.86,2026-01-28T23:48:15.620136,network_anomaly,,,ANOMALY_002
TXN_000596,ACC_000002,ACC_000017,4703.79,2026-01-28T23:57:57.616799,normal,,,
TXN_000189,ACC_000039,ACC_000043,8210.98,2026-01-29T00:39:50.616799,normal,,,
TXN_001121,ACC_000036,ACC_000084,73832.3,2026-01-29T00:48:15.620136,network_anomaly,,,ANOMALY_002
TXN_000181,ACC_000026,ACC_000044,1180.85,2026-01-29T01:09:22.616799,normal,,,
TXN_000173,ACC_000066,ACC_000062,3957.39,2026-01-29T01:44:51.616799,normal,,,
TXN_001122,ACC_000042,ACC_000036,61237.62,2026-01-29T01:48:15.620136,network_anomaly,,,ANOMALY_002
TXN_000598,ACC_000004,ACC_000046,2053.17,2026-01-29T02:45:29.616799,normal,,,
TXN_001123,ACC_000036,ACC_000059,54462.08,2026-01-29T02:48:15.620136,network_anomaly,,,ANOMALY_002
TXN_000184,ACC_000080,ACC_000008,9234.99,2026-01-29T02:56:53.616799,normal,,,
TXN_000030,ACC_000088,ACC_000052,627.05,2026-01-29T03:26:32.616799,normal,,,
TXN_000949,ACC_000089,ACC_000028,3743.13,2026-01-29T03:45:56.616799,normal,,,
TXN_001124,ACC_000046,ACC_000036,51489.45,2026-01-29T03:48:15.620136,network_anomaly,,,ANOMALY_002
TXN_001125,ACC_000036,ACC_000066,40423.29,2026-01-29T04:48:15.620136,network_anomaly,,,ANOMALY_002
TXN_000069,ACC_000052,ACC_000047,3397.88,2026-01-29T05:10:45.616799,normal,,,
TXN_001126,ACC_000012,ACC_000036,42870.55,2026-01-29T05:48:15.620136,network_anomaly,,,ANOMALY_002
TXN_000711,ACC_000030,ACC_000059,7663.16,2026-01-29T06:06:58.616799,normal,,,
TXN_000365,ACC_000069,ACC_000081,6725.87,2026-01-29T06:17:19.616799,normal,,,
TXN_001127,ACC_000036,ACC_000061,54847.93,2026-01-29T06:48:15.620136,network_anomaly,,,ANOMALY_002
TXN_000127,ACC_000042,ACC_000050,1930.58,2026-01-29T07:15:00.616799,normal,,,
TXN_000067,ACC_000006,ACC_000077,8406.49,2026-01-29T07:17:56.616799,normal,,,
TXN_001128,ACC_000014,ACC_000036,90032.85,2026-01-29T07:48:15.620136,network_anomaly,,,ANOMALY_002
TXN_000604,ACC_000062,ACC_000061,7320.51,2026-01-29T08:13:26.616799,normal,,,
TXN_001129,ACC_000036,ACC_000052,77347.14,2026-01-29T08:48:15.620136,network_anomaly,,,ANOMALY_002
TXN_001130,ACC_000049,ACC_000036,96954.49,2026-01-29T09:48:15.620136,network_anomaly,,,ANOMALY_002
TXN_000198,ACC_000016,ACC_000030,5752.26,2026-01-29T09:55:10.616799,normal,,,
TXN_001131,ACC_000036,ACC_000013,35039.39,2026-01-29T10:48:15.620136,network_anomaly,,,ANOMALY_002
TXN_001132,ACC_000019,ACC_000036,40730.01,2026-01-29T11:48:15.620136,network_anomaly,,,ANOMALY_002
TXN_000276,ACC_000009,ACC_000010,735.36,2026-01-29T11:49:10.616799,normal,,,
TXN_000349,ACC_000083,ACC_000027,8348.03,2026-01-29T12:31:45.616799,normal,,,
TXN_001133,ACC_000036,ACC_000091,32402.16,2026-01-29T12:48:15.620136,network_anomaly,,,ANOMALY_002
TXN_000886,ACC_000022,ACC_000075,6459.57,2026-01-29T13:18:53.616799,normal,,,
TXN_001134,ACC_000074,ACC_000036,53413.33,2026-01-29T13:48:15.620136,network_anomaly,,,ANOMALY_002
TXN_000561,ACC_000068,ACC_000012,7642.49,2026-01-29T13:50:26.616799,normal,,,
TXN_001135,ACC_000036,ACC_000073,37451.73,2026-01-29T14:48:15.620136,network_anomaly,,,ANOMALY_002
TXN_000772,ACC_000076,ACC_000083,437.47,2026-01-29T14:52:43.616799,normal,,,
TXN_000626,ACC_000076,ACC_000026,2788.37,2026-01-29T15:29:59.616799,normal,,,
TXN_001136,ACC_000003,ACC_000036,78072.38,2026-01-29T15:48:15.620136,network_anomaly,,,ANOMALY_002
TXN_001137,ACC_000036,ACC_000025,61341.35,2026-01-29T16:48:15.620136,network_anomaly,,,ANOMALY_002
TXN_000986,ACC_000027,ACC_000013,5258.1,2026-01-29T16:50:31.616799,normal,,,
TXN_001138,ACC_000097,ACC_000036,56241.6,2026-01-29T17:48:15.620136,network_anomaly,,,ANOMALY_002
TXN_001139,ACC_000036,ACC_000086,90612.72,2026-01-29T18:48:15.620136,network_anomaly,,,ANOMALY_002
TXN_000113,ACC_000041,ACC_000059,7747.37,2026-01-29T19:12:01.616799,normal,,,
TXN_000954,ACC_000038,ACC_000007,1794.0,2026-01-29T19:16:34.616799,normal,,,
TXN_001140,ACC_000035,ACC_000036,68308.22,2026-01-29T19:48:15.620136,network_anomaly,,,ANOMALY_002
TXN_000038,ACC_000070,ACC_000093,659.04,2026-01-29T19:49:22.616799,normal,,,
TXN_001141,ACC_000036,ACC_000051,77958.59,2026-01-29T20:48:15.620136,network_anomaly,,,ANOMALY_002
TXN_001142,ACC_000076,ACC_000036,77839.23,2026-01-29T21:48:15.620136,network_anomaly,,,ANOMALY_002
TXN_000179,ACC_000060,ACC_000032,5616.15,2026-01-29T22:20:43.616799,normal,,,
TXN_000032,ACC_000057,ACC_000077,503.69,2026-01-29T22:36:49.616799,normal,,,
TXN_000897,ACC_000074,ACC_000098,5511.48,2026-01-29T22:47:30.616799,normal,,,
TXN_001143,ACC_000036,ACC_000084,32582.46,2026-01-29T22:48:15.620136,network_anomaly,,,ANOMALY_002
TXN_000192,ACC_000099,ACC_000023,6354.6,2026-01-29T23:00:59.616799,normal,,,
TXN_001144,ACC_000053,ACC_000036,85535.73,2026-01-29T23:48:15.620136,network_anomaly,,,ANOMALY_002
TXN_000794,ACC_000051,ACC_000090,2214.87,2026-01-30T00:12:28.616799,normal,,,
TXN_001145,ACC_000036,ACC_000082,83878.1,2026-01-30T00:48:15.620136,network_anomaly,,,ANOMALY_002
TXN_000612,ACC_000026,ACC_000003,3430.87,2026-01-30T00:59:42.616799,normal,,,
TXN_000654,ACC_000051,ACC_000039,3916.6,2026-01-30T01:20:06.616799,normal,,,
TXN_001146,ACC_000062,ACC_000036,64674.11,2026-01-30T01:48:15.620136,network_anomaly,,,ANOMALY_002
TXN_000917,ACC_000090,ACC_000027,3252.18,2026-01-30T01:53:50.616799,normal,,,
TXN_001147,ACC_000036,ACC_000089,37637.86,2026-01-30T02:48:15.620136,network_anomaly,,,ANOMALY_002
TXN_000637,ACC_000092,ACC_000070,8614.9,2026-01-30T02:51:20.616799,normal,,,
TXN_000857,ACC_000084,ACC_000051,3988.44,2026-01-30T03:38:37.616799,normal,,,
TXN_001148,ACC_000032,ACC_000036,47844.38,2026-01-30T03:48:15.620136,network_anomaly,,,ANOMALY_002
TXN_001149,ACC_000036,ACC_000086,84821.01,2026-01-30T04:48:15.620136,network_anomaly,,,ANOMALY_002
TXN_001150,ACC_000091,ACC_000036,33414.15,2026-01-30T05:48:15.620136,network_anomaly,,,ANOMALY_002
TXN_001151,ACC_000036,ACC_000013,33894.31,2026-01-30T06:48:15.620136,network_anomaly,,,ANOMALY_002
TXN_000257,ACC_000012,ACC_000047,9444.46,2026-01-30T06:49:52.616799,normal,,,
TXN_000272,ACC_000044,ACC_000035,4717.15,2026-01-30T06:54:53.616799,normal,,,
TXN_000264,ACC_000048,ACC_000073,7125.49,2026-01-30T06:59:26.616799,normal,,,
TXN_000765,ACC_000035,ACC_000049,4481.16,2026-01-30T07:16:02.616799,normal,,,
TXN_001152,ACC_000013,ACC_000036,95217.32,2026-01-30T07:48:15.620136,network_anomaly,,,ANOMALY_002
TXN_000424,ACC_000020,ACC_000090,7330.63,2026-01-30T08:04:28.616799,normal,,,
TXN_001153,ACC_000036,ACC_000025,71487.93,2026-01-30T08:48:15.620136,network_anomaly,,,ANOMALY_002
TXN_000660,ACC_000004,ACC_000045,6935.19,2026-01-30T08:53:18.616799,normal,,,
TXN_001154,ACC_000066,ACC_000036,41939.29,2026-01-30T09:48:15.620136,network_anomaly,,,ANOMALY_002
TXN_000336,ACC_000000,ACC_000070,6944.82,2026-01-30T09:57:00.616799,normal,,,
TXN_001155,ACC_000036,ACC_000065,94886.2,2026-01-30T10:48:15.620136,network_anomaly,,,ANOMALY_002
TXN_000689,ACC_000080,ACC_000097,4948.88,2026-01-30T11:09:09.616799,normal,,,
TXN_000378,ACC_000032,ACC_000038,442.9,2026-01-30T11:18:24.616799,normal,,,
TXN_000112,ACC_000079,ACC_000070,621.38,2026-01-30T11:29:52.616799,normal,,,
TXN_001156,ACC_000053,ACC_000036,99521.62,2026-01-30T11:48:15.620136,network_anomaly,,,ANOMALY_002
TXN_000288,ACC_000004,ACC_000083,888.47,2026-01-30T12:31:28.616799,normal,,,
TXN_001157,ACC_000036,ACC_000076,33239.79,2026-01-30T12:48:15.620136,network_anomaly,,,ANOMALY_002
TXN_000350,ACC_000005,ACC_000050,2526.47,2026-01-30T13:00:05.616799,normal,,,
TXN_000137,ACC_000021,ACC_000020,3734.26,2026-01-30T13:23:08.616799,normal,,,
TXN_000284,ACC_000085,ACC_000096,1946.4,2026-01-30T13:24:16.616799,normal,,,
TXN_001158,ACC_000076,ACC_000036,69630.38,2026-01-30T13:48:15.620136,network_anomaly,,,ANOMALY_002
TXN_000177,ACC_000068,ACC_000039,8494.93,2026-01-30T14:14:13.616799,normal,,,
TXN_000233,ACC_000029,ACC_000093,6998.35,2026-01-30T14:34:26.616799,normal,,,
TXN_000800,ACC_000088,ACC_000077,2383.96,2026-01-30T14:35:01.616799,normal,,,
TXN_001159,ACC_000036,ACC_000040,51400.02,2026-01-30T14:48:15.620136,network_anomaly,,,ANOMALY_002
TXN_000176,ACC_000000,ACC_000002,965.39,2026-01-30T14:58:35.616799,normal,,,
TXN_000443,ACC_000034,ACC_000021,6567.99,2026-01-30T15:06:34.616799,normal,,,
TXN_000426,ACC_000083,ACC_000032,2658.51,2026-01-30T15:22:27.616799,normal,,,
TXN_000875,ACC_000062,ACC_000018,8951.03,2026-01-30T15:59:35.616799,normal,,,
TXN_000094,ACC_000027,ACC_000099,1212.61,2026-01-30T16:10:53.616799,normal,,,
TXN_000620,ACC_000095,ACC_000065,5462.52,2026-01-30T17:05:36.616799,normal,,,
TXN_000989,ACC_000088,ACC_000034,942.31,2026-01-30T17:14:21.616799,normal,,,
TXN_000394,ACC_000053,ACC_000030,9993.51,2026-01-30T17:51:28.616799,normal,,,
TXN_000584,ACC_000061,ACC_000005,7386.54,2026-01-30T18:17:28.616799,normal,,,
TXN_000267,ACC_000020,ACC_000015,3188.36,2026-01-30T18:30:56.616799,normal,,,
TXN_000273,ACC_000077,ACC_000051,9432.59,2026-01-30T18:45:19.616799,normal,,,
TXN_000798,ACC_000008,ACC_000024,3468.95,2026-01-30T19:22:57.616799,normal,,,
TXN_000161,ACC_000015,ACC_000054,5393.71,2026-01-30T21:13:45.616799,normal,,,
TXN_000170,ACC_000022,ACC_000084,1239.6,2026-01-30T21:32:13.616799,normal,,,
TXN_000879,ACC_000043,ACC_000020,4985.24,2026-01-30T21:39:06.616799,normal,,,
TXN_000821,ACC_000045,ACC_000090,7302.76,2026-01-30T23:06:08.616799,normal,,,
TXN_000080,ACC_000058,ACC_000029,6611.48,2026-01-30T23:26:41.616799,normal,,,
TXN_000560,ACC_000080,ACC_000040,6136.16,2026-01-30T23:56:53.616799,normal,,,
TXN_000324,ACC_000051,ACC_000045,9985.26,2026-01-31T00:04:12.616799,normal,,,
TXN_000451,ACC_000040,ACC_000063,5993.47,2026-01-31T00:39:44.616799,normal,,,
TXN_000116,ACC_000054,ACC_000093,1826.99,2026-01-31T01:03:50.616799,normal,,,
TXN_000971,ACC_000059,ACC_000048,2627.4,2026-01-31T01:25:37.616799,normal,,,
TXN_000497,ACC_000034,ACC_000043,1083.16,2026-01-31T01:25:48.616799,normal,,,
TXN_000174,ACC_000084,ACC_000011,927.65,2026-01-31T01:50:53.616799,normal,,,
TXN_000504,ACC_000040,ACC_000023,558.31,2026-01-31T02:23:38.616799,normal,,,
TXN_000687,ACC_000056,ACC_000031,1423.52,2026-01-31T04:19:50.616799,normal,,,
TXN_000792,ACC_000093,ACC_000062,6436.27,2026-01-31T05:03:55.616799,normal,,,
TXN_000146,ACC_000071,ACC_000072,4957.13,2026-01-31T05:28:22.616799,normal,,,
TXN_000171,ACC_000042,ACC_000051,5159.41,2026-01-31T06:27:11.616799,normal,,,
TXN_000797,ACC_000020,ACC_000085,140.71,2026-01-31T06:51:19.616799,normal,,,
TXN_000082,ACC_000004,ACC_000005,9430.0,2026-01-31T07:21:40.616799,normal,,,
TXN_000153,ACC_000094,ACC_000044,7073.23,2026-01-31T09:56:45.616799,normal,,,
TXN_000823,ACC_000016,ACC_000062,812.92,2026-01-31T10:27:42.616799,normal,,,
TXN_000951,ACC_000051,ACC_000053,2601.87,2026-01-31T11:21:20.616799,normal,,,
TXN_000068,ACC_000009,ACC_000020,3103.41,2026-01-31T11:46:34.616799,normal,,,
TXN_000787,ACC_000046,ACC_000072,5752.59,2026-01-31T11:53:29.616799,normal,,,
TXN_000840,ACC_000020,ACC_000039,4353.78,2026-01-31T12:06:58.616799,normal,,,
TXN_000229,ACC_000079,ACC_000005,566.98,2026-01-31T12:13:54.616799,normal,,,
TXN_000613,ACC_000019,ACC_000021,6432.21,2026-01-31T13:10:13.616799,normal,,,
TXN_000240,ACC_000087,ACC_000096,6594.04,2026-01-31T15:20:00.616799,normal,,,
TXN_000183,ACC_000088,ACC_000032,7559.15,2026-01-31T15:26:55.616799,normal,,,
TXN_000136,ACC_000025,ACC_000057,1943.98,2026-01-31T15:31:12.616799,normal,,,
